title;rating;chapters;description;url
0th correctional officer;;39;Ji-hun, a former member of a secret special forces unit under the Special Operations Planning Office of the South Korean Army Headquarters, returns from a long overseas deployment-- only to receive the news that his younger sister Ji-yun has died, and that the person accused of killing her is none other than her boyfriend, Seo Min-jun. While still struggling to accept the fact that his sister is gone, Ji-hun, who trusted Min-jun, learns that Min-jun was falsely accused and had gone to Yeokseon Prison in search of Ji-yun's real killer. But eventually, Min-jun also meets his death inside the prison. Determined to uncover the truth behind the unjust deaths of both Ji-yun and Min-jun, Ji-hun becomes a prison guard and heads to Yeokseon Prison to uncover the secrets hidden within.;https://demonicscans.org/manga/0th-correctional-officer
100 Million Years Later: The Ultimate Weapon's Return;;31;"After humanity continuously polluted the world with waste, a monstrous being known as a ""Corrupter"" was born. As these creatures spread and eroded the world, humanity was pushed to the brink of extinction. The strongest agent, Jin Shido, finally obtained the power to save the world through dangerous human experimentation. However, it was already too late--99% of humanity had already perished. Entrusting hope to the future, Jin entered a long slumber. --And then, 100 million years later. On a newly reborn Earth, Jin awakens and smiles. ""...I knew it. It was right to believe in the possibilities of the future.""";https://demonicscans.org/manga/100-Million-Years-Later%253A-The-Ultimate-Weapon%2527s-Return
18 Year Old Demon King;;50;Rabis Vindica, the son of the Great Demon King who rules the Demon Realm. After acting on his own and wiping out a rebellious demon noble family, he is punished with banishment to the Human World. Living in the body of an ordinary student, Rabis soon discovers that the demonic power he should no longer be able to use still reacts to evil. As he gradually relearns how to wield his power, he begins searching for a way to return to the Demon Realm.;https://demonicscans.org/manga/18-Year-Old-Demon-King
A Better Labor;;99;After the great explosion, the world could never return to what it once was. Divided into small countries driven by specialized labor forces, it's now a dog-eat-dog new world. But Clawhammer Jang listens to more than just his stomach. As he pushes forward, he joins forces with others, new friends also gifted with immense power following the aftermath of the great explosion. But is Jang strong enough to stand for what he believes in? And who will stand with him?;https://demonicscans.org/manga/A-Better-Labor
A Cadet Becomes a Prophet?!;;58;Money maniac Fernan Pellenberg is the young heir of House Pellenberg, one of the Empire's most prestigious houses, and a top student at the Imperial Academy. However, he's infamous for something else: his obsession with money. As a ruthless money-hound, he only acknowledges those who bring him profit and views everything in the world through the lens of monetary value. People avoid him, finding his greed repulsive. But was divine punishment finally upon him? One day, out of nowhere, disaster strikes Fernan like a bolt from the blue. As his consciousness begins to fade, something attempts to invade and take over his mind, but Fernan forcefully expels it instead. From that moment on, he begins to see something strange: a prophetic book that reveals the future. And not just any future, but a prophecy of the end of the world.;https://demonicscans.org/manga/A-Cadet-Becomes-a-Prophet%253F%2521
A Revenge Guide for the Terminally Ill Maid;;55;Framed for a crime she didn't commit, Isabel died leaving behind her little daughter. 10 years later, she awakens in another woman's body, with only one year left to live. But the world she returns to is even crueler. Her daughter is now married to the very man who murdered her, all in the name of revenge. With just one year, Isabel must find a way to save her daughter, no matter the cost.;https://demonicscans.org/manga/A-Revenge-Guide-for-the-Terminally-Ill-Maid
A Wimp's Strategy Guide to Conquer the Tower;;43;"One day, mysterious black towers suddenly rose all over the world, and a chosen few began to awaken. But for Bong Joohyuk--a wimpy, down-on-his-luck nobody--it was something that should have had nothing to do with him. After another exhausting day at his part-time job, he was just about to take a bite of ramen when-- [Bong Joohyuk, you have awakened.] ""...Eh, fuck, what the hell?!"" Is this finally his chance to turn his life around?";https://demonicscans.org/manga/A-Wimp%2527s-Strategy-Guide-to-Conquer-the-Tower
Absolute Ultimate Martial Lord;;52;Born with blocked meridians, the boy Sowoon was slow to speak and grow. After meeting the esteemed figures of the Wudang Sect, he was cherished like a precious gem and grew up under their care. He eventually formed ties with the Six Martial Lords of the Orthodox Faction—monstrous prodigies whose martial prowess defied common sense. Just then, the Demon Cult emerged in the martial world, leading to a grand battle that would shake the land...! The exhilarating and thrilling golden era of Sowoon and the Six Divine Lords in the Jianghu!;https://demonicscans.org/manga/Absolute-Ultimate-Martial-Lord
After being laid off, I got hundreds of millions of systems, and I upgraded them alone;;43;"The company was acquired, and the game otaku who was ""optimized"" was proposed to break up by his girlfriend? Is it a collapse or a broken can? Ye Fei shook his head: No, I don't want it! The best AI beauties bring hundreds of millions of systems, the more you spend,";https://demonicscans.org/manga/After-being-laid-off%252C-I-got-hundreds-of-millions-of-systems%252C-and-I-upgraded-them-alone
After Rebirth, I Used Mirror Reversal For Vengeance;;63;50 years after the game world merging with reality, a top warrior appeared. He devoted his Whole life to the world, yet was ultimately killed by the king out of fear and jealousy. Before his death, he awakened the mirror ability and sealed his soul beneath the lake's surface. The king covered up the true history and fabricated a new one, branding the warrior as a traitor in the eyes of the world. Decades later, the warrior awakened in the body of a dying man and began his vengeance using mirror ability.;https://demonicscans.org/manga/After-Rebirth%252C-I-Used-Mirror-Reversal-For-Vengeance
After Reincarnation, My Enemy Made Me Invincible with Money;;44;In the apocalyptic era, my sisters and I struggled to survive, but in the eyes of the rich and powerful, we were nothing more than ants. Just before I died, I awakened a special ability to be reincarnated. I was reborn directly into the family of my greatest enemy. Now, I will make them pour all of their resources into raising me, only so I can become their ultimate destruction!;https://demonicscans.org/manga/After-Reincarnation%252C-My-Enemy-Made-Me-Invincible-with-Money
After the Moonlight Falls;;38;Stripped of everything by vampires, Han Segun's fate changes forever when he crosses paths with Sylvester, a legendary demon hunter. From the ashes of his past, he steps onto a new path of vengeance... Welcome to the World of the Mad Moon.;https://demonicscans.org/manga/After-the-Moonlight-Falls
After the School Belle Dumped Me, I Became a Martial Arts God;;115;"Fang Yi transmigrated into a new world, only to be dumped by his school belle girlfriend right after arriving. He thought it was just the beginning of a cliché urban romance story... Until the system warned him: ""Spiritual energy will awaken in one year. The world will face great upheaval. The apocalypse is coming."" ""With a system by my side, why should I be afraid of anything?""";https://demonicscans.org/manga/After-the-School-Belle-Dumped-Me%252C-I-Became-a-Martial-Arts-God
Almighty Pig Slaughtering Knife;;59;Ye Chuan -- a mental patient -- sees all living creatures as pigs. On the day of his job assignment, he awakened a life-class profession: Butcher. His teachers and classmates were bitterly disappointed, and even his childhood sweetheart left him. However, this seemingly useless profession granted him two unique traits: o He deals extra damage to pigs. o Damage from pigs is halved. And since everyone looks like pigs in his eyes, armed with just a butcher's knife, Ye Chuan begins his incredible rise to godhood.;https://demonicscans.org/manga/Almighty-Pig-Slaughtering-Knife
An Appraiser Taken In by a Meritocracy — After Abandoning the Homeland That Treated Me Like a Slave, I Started as the Enemy Nation's Hero.;;31;"""You have real ability. Your circumstances just held you back."" Alto is a young appraiser forced to work like a slave in the nobility-ruled Kingdom of Dramd. His life changes completely when he's scouted by Beralt, a soldier of the enemy nation, the Glaus Empire. In a country that runs purely on merit, Alto's off-the-charts appraisal talent is recognized--and he's suddenly made an officer-candidate!? No sooner has he enlisted than the high command--stacked with powerhouses--pins great hopes on him, but the companions he takes in are all misfits written off as hopeless... A breezy, rise-to-the-top fantasy about seeing the hidden talents of his comrades and carving out a new destiny!";https://demonicscans.org/manga/An-Appraiser-Taken-In-by-a-Meritocracy-%25E2%2580%2594-After-Abandoning-the-Homeland-That-Treated-Me-Like-a-Slave%252C-I-Started-as-the-Enemy-Nation%2527s-Hero.
Ankle Breaker;;37;NA;https://demonicscans.org/manga/Ankle-Breaker
Anti-hero at the bottom of the job caste system;;65;"In a world where the value of existence is determined by occupation (class), the protagonist awakens to the skills of a ""thief"" and is persecuted as a ""harmful designated class"". One day, he is saved by Aoi, the head of Shinobi Street, a town where people who are also persecuted gather, and decides to become his friend. However, the peace is fleeting, and the city of Shinobi is attacked by a mysterious group, and his friends are killed one after another. At that time, Hitoshi's skill, which he could only watch, awakens and acquires the ""skill to steal the skill of the dead"". Hitoshi uses this skill and vows to take revenge on the mastermind who killed his friends.";https://demonicscans.org/manga/Anti%25252Dhero-at-the-bottom-of-the-job-caste-system
Artemis;;41;Artemis, a special agent and transcendent being, is on a mission to protect humanity from threats posed by other transcendent beings like herself. The story unfolds as she begins to question her group and her identity.;https://demonicscans.org/manga/Artemis
Assistant;;42;Ju Won, an 8-year veteran freelance killer (assistant). He gets caught up in big trouble when he meets a new assistant,;https://demonicscans.org/manga/Assistant
Awakening the Purple Thunder at the Beginning;;86;In the world of Blue Star, fierce beasts are rampant. Everyone can awaken superpowers and have the opportunity to become a strong man and dominate the world! However, Xu Jingming, who traveled through time, only had E-level superpowers. Fortunately, the Deep Blue System appeared, and the E-level weak electric superpower was upgraded to S-level Purple Thunder! Killing fierce beasts will earn you superpower points! Superpower points -1500000, Purple Thunder will evolve! SSS-level Chaos Thunder! Thus, the legend of Xu Jingming was left on Blue Star.;https://demonicscans.org/manga/Awakening-the-Purple-Thunder-at-the-Beginning
Back from the Abyss: I Am the Disaster;;48;The Immortal Emperor family was wiped out overnight, and the young master Li Chen was thrown into the most mysterious and dangerous abyss! Eight years later, he broke out of the abyss, the empress in his left hand, and the gods and demons in his right hand, and everything he went was;https://demonicscans.org/manga/Back-from-the-Abyss%253A-I-Am-the-Disaster
Bad Business;;38;Jay, a legendary hitman in the American underworld, is hired by Union—North America’s largest killer company—to destroy the killer company established by his friend Johnny with his own hands. The condition for accepting the contract was that Johnny’s life would be spared, but both Johnny and Jay are killed due to Union’s betrayal. However, through mysterious power, Jay is resurrected in the body of an ordinary Korean young man and meets Johnny, who has been resurrected in the body of a young woman. The two decide to join forces again and establish a powerful “company” to take revenge on Union, which killed them.;https://demonicscans.org/manga/Bad-Business
Barbarian's Adventure in a Fantasy World;;70;he man prayed every night to every god in existence. He begged that, upon waking the next day, he would find himself in the middle of a wondrous fantasy. One day, his prayer was finally answered. Yet it took a shape that was nothing like what he had wished for.;https://demonicscans.org/manga/Barbarian%2527s-Adventure-in-a-Fantasy-World
Became the Rebel of the Necromancer Family;;34;NA;https://demonicscans.org/manga/Became-the-Rebel-of-the-Necromancer-Family
Breakers;;108;"Joo In-gong was dragged into the remake of a game he was playing called . However, something wasn't right. The only playable characters should be Loch of the human side and Zephyr of the demon side. Instead, he awakens in the body of Shutra, the ninth prince of the Demon Realm, a character who actually didn't exist in the game’s story. Granted two mysterious powers, ""Protagonist Setting Adjustment"" and ""Power of Conquest,"" Joo In-gong now must alter the game's plot to survive against Zephyr. Yet, with every twist of the plot, he garners more attention";https://demonicscans.org/manga/Breakers
Cerberus;;50;"Living with his mother Yukie (53) in Shin-Okubo, Tokyo, Kai Fukutome (21) is walking his childhood friend Rika (21) home after celebrating Yukie's birthday when they are suddenly attacked by a stranger. Somehow, Kai and Rika manage to escape, but... A few days later, Kai's best friend Park Yujun (21), a Korean resident in Japan, is murdered by the very same man. The tragedy doesn't end there--Yukie and Rika are also caught up in the incident, leaving Rika in a coma and Yukie dead. In the aftermath, shocking truths come to light: Yujun had secretly been a spy for ""Nation N,"" Kai has an estranged twin brother--Im Jin, a superstar member of the mega-popular K-pop boy group Littlegang--and his father, Im Dohyun (53), who abandoned him long ago, is living in Korea. Overnight, Kai's fate is thrown into motion. To avenge his mother and best friend, and to uncover his own roots, he sets off alone for Seoul. But what awaits him there...!?";https://demonicscans.org/manga/Cerberus
Chronicle of Runes;;58;In a world where Runecraft thrives, Van is born with the Asura Rune, the most accursed rune in history, said to bring only ruin. When a sorcerer coveting its power strikes, Van loses everything and is sealed inside a pocket dimension, severed from the mortal realm. Drowning in despair yet fueled by unquenchable rage, he refuses to die. For 999 years, he hones his blade of vengeance. At last, he unlocks the Asura Rune's true power, tears open his prison, and returns to the world, bringing destruction with him.;https://demonicscans.org/manga/Chronicle-of-Runes
Chronicles of the Lazy Sovereign;;62;"The great martial artist who ended the chaos of the world. The Shining Supreme Martial Artist, Wi Yeonho. He was a true gentleman, a great man, and a noble hero... ""That guy? He was a total piece of trash."" A truth too shameful to be revealed to the world. The true nature of the so-called greatest hero of all time is finally exposed!";https://demonicscans.org/manga/Chronicles-of-the-Lazy-Sovereign
City of Sins;;44;Born of demon and elf blood, a boy burdened with crushing expectations steps boldly onto a battlefield of ruin and renewal. Driven by an unbreakable obsession, he forges through rivers of molten lava, shatters realms of eternal ice, and battles across barren wastelands, all for a single purpose: to surpass the towering figure far ahead. One day, when he finally drives his blade into the earth and surveys the silence around him, he finds no enemies left standing. Only then does he realize that the insurmountable peak he once chased now lies beneath his feet.;https://demonicscans.org/manga/City-of-Sins
Colorist;;45;"A world stained black. Due to creatures, humanity is driven into a giant city where light and color converge. Humanity continues its pioneering efforts to reclaim the world, and Kay, a boy who wishes to become a member of the pioneering corps. However, he is ostracized for being ""colorless"" (????)--someone without color. Then one day, due to an unfortunate incident, Kay gains the color black...";https://demonicscans.org/manga/Colorist
Corrupt City;;69;After years of toil and ridicule, one man finally found the Artifacts--remnants of a lost technology so advanced that they cannot be replicated. Several years later, that same man founded a criminal organization in Korea--the Daejung Syndicate. The man expanded his influence using five child soldiers he armed with Artifacts, and Gilja is one of them. But Gilja soon realizes that the Artifacts can free her of the syndicate entirely. However, this freedom comes with a steep price...;https://demonicscans.org/manga/Corrupt-City
Criminal Transfer Student;;30;Akihito committed a grave crime. Presumed sentence: 500 years in prison. To him, the government proposed a system called the Criminal Transfer Program. Under this program, a prisoner transfers to a troubled high school, and for each problem they resolve within the school, their sentence is reduced. Now, as a criminal transfer student, Akihito must face gangs, conspiracies, and the shadows of his own past.;https://demonicscans.org/manga/Criminal-Transfer-Student
Curse of the Vengeful Tongue;;39;Gin Asuhara is a promising young detective with unparalleled physical abilities. However, following a certain incident, he finds himself forced into a Master-Servant Contract with his senior detective, Hidemi Mera.;https://demonicscans.org/manga/Curse-of-the-Vengeful-Tongue
Daesahyeong Lee-Hoe;;34;Lee Hoo was never a hero. Talentless and overlooked, the Eldest Martial Brother of the Seongui Sect spent his life cooking, cleaning, and sacrificing himself for others--only to die helplessly at the hands of the Blood Cult. But when he opens his eyes in the past, he vows to live differently this time. No more regrets. No more sacrifices. And definitely no more playing the fool for everyone else. Yet somehow, the life he wanted slips completely out of control. The martial arts that once rejected him now bend effortlessly to his will. Legendary masters call him a genius beyond heaven, and Murim begins to revolve around the man who was once considered worthless. The story of a second chance begins.;https://demonicscans.org/manga/Daesahyeong-Lee%25252DHoe
Dan, the Bat-Wielding Knight;;45;Top of the 9th, two outs. The 'Bat Knight' aims for a comeback as his home run begins! An unknown power dwells within his baseball bat. Dan's adventure to smash the monsters of another world and find his way home!;https://demonicscans.org/manga/Dan%252C-the-Bat%25252DWielding-Knight
Daoist Master Wants to Ascend;;51;The story of Li Yuan, a man who dreams of ascending to the heavens and resolutely sets foot on the path of cultivation. With unwavering devotion, he prays to the heavens to grant him divine ordination, vowing to break free from the shackles of the mortal world and pursue eternal life.;https://demonicscans.org/manga/Daoist-Master-Wants-to-Ascend
Dead End Demonics: The First Returner;;34;"Eight years ago, an unknown catastrophe called (""Demonization"") struck the world. It is a calamity that seals off parts of reality and overwrites them with a nightmare realm--if you cannot survive, only a cruel death awaits. In this changed world, Yugo Fushimi lives a quiet, withdrawn life, limiting his outings to commuting between home and work. Gentle, timid, and overly sensitive to others' pain, he is always sleep-deprived and often late, leading his coworkers to mock him as a ""clumsy do-gooder"" and a ""shut-in introvert."" One day, he is forcibly dragged out to a drinking party--and there, he witnesses the horror of Demonization firsthand. The city is trampled, people scream and cry, his coworkers collapse one after another, and grotesque enemies flood the area as it transforms into a demon realm where survival seems impossible. At that moment, in the midst of despair, Yugo alone grips his weapon as if remembering something long forgotten--hinting that he may be a ""returner,"" someone with a hidden past connection to this nightmare and the power to fight back.";https://demonicscans.org/manga/Dead-End-Demonics%253A-The-First-Returner
Debtbound by Blood;;39;Kim Sang-an is a cold-blooded loan shark. When his younger sister, a schoolteacher, takes her own life after relentless bullying from her students, he becomes the homeroom teacher of those very students to collect the price of her life. A merciless loan shark who will collect his debts even if it means descending into hell and a class of devil-like students... A vicious, twisted teacher-student relationship.;https://demonicscans.org/manga/Debtbound-by-Blood
Defense Breaker;;56;Jihoon is pulled into a defense game. He's forced to become the captain of the knights and defend the kingdom from monsters. But the wounds he received from people haven't healed yet, so he refuses to protect the kingdom. Then suddenly, a new route opens up...;https://demonicscans.org/manga/Defense-Breaker
Demon Rakshasa;;32;Hong Do-jin, a gangster. Borrowing the power of a monster, he takes revenge.;https://demonicscans.org/manga/Demon-Rakshasa
Demonic Beast Hunter Survival Guide;;32;"For 12 years, Woojin suffered from mysterious nightmares of unknown origin, until he suddenly met his death... When he opened his eyes, he found himself not in the real world, but inside the very world from his nightmares--the ""Demon Realm."" Using the skills he had honed all this time, Woojin hunts demon beasts and grows stronger with each kill. As a beast hunter, he begins living a brand-new life. 'A dark fantasy world where you grow stronger the more you hunt? Honestly, that's better.'";https://demonicscans.org/manga/Demonic-Beast-Hunter-Survival-Guide
Demonic Frontline: The Thirteenth Flying Dragon;;36;"Once the shame of his family, now an overpowered martial arts prodigy with a perfect memory?! ""I died and returned to the front lines, and this time, I'm no longer the pig I used to be!";https://demonicscans.org/manga/Demonic-Frontline%253A-The-Thirteenth-Flying-Dragon
Devil and Ice;;50;The strongest from another world are reborn--so much for a normal life. The Heavenly Demon, who was on the brink of conquering the world. After dying together in a final showdown with his archenemy, the Ice Witch, the two are reborn as ordinary twins in the human world. But their peace is short-lived. Now that they are teenagers, organizations of Reincarnators are shaking up the world. The world refuses to leave these siblings alone, even as they try to hide the powers of their past lives. Old subordinates begin to gather, one by one. And the Ice Witch stands by his side--not as an enemy this time, but as a partner. Will the Heavenly Demon be able to become the world's strongest once again?!;https://demonicscans.org/manga/Devil-and-Ice
Devil Summoner, I am the Abyss Lord;;81;"Lin Tianhao, who has transmigrated to another world, attends the Job Change Ceremony and ends up taking on a ""sewer-tier"" job -- Summoner. Just as everyone is mocking him, believing his future is doomed, he suddenly awakens a system and gains the skill [Demonic Sacrifice]! Who says the Summoner class is trash? I have the strongest SSS-rank talent";https://demonicscans.org/manga/Devil-Summoner%252C-I-am-the-Abyss-Lord
Doctor Brothers;;43;"If only my brother hadn't existed -- my life would have been a little better..."" Kyoji Kato is busy with part-time work and lives a gloomy life. He has an unshakable inferiority complex towards his older brother Kyoichiro, who took over from their late father and is active overseas as a genius doctor. One night, he gets a phone call from his mother. ""My brother...Kyoichiro has died."" Kyoji, who was in a daze after suddenly losing someone important to him, was cleaning up his brother's room when he suddenly had a seizure and lost consciousness. He wakes up to find out 11 years ago. In the midst of the confusion, his brother appears in front of him in his younger days, confronting the hospital director, Otomo. ""You killed my father!!"" With those words, he has another seizure and is pulled back to the present. -- Carrying the memories of his brother. The shadow of Otomo appears behind the deaths of his father and brother. In order to uncover the truth, Kyoji aspires to become a doctor. The gears of memory and revenge begin to turn. The past and present intertwine, and a tale of memory inheritance and revenge begins now!";https://demonicscans.org/manga/Doctor-Brothers
Don't Look for the Resurrected Villainess;;42;NA;https://demonicscans.org/manga/Don%255C%2527t-Look-for-the-Resurrected-Villainess
Don't Tell Me You Think Cultivating Immortality Is Difficult?;;48;A humble rookie seeks the path to immortality -- only to accidentally join a sect full of pretentious con artists. His seven senior brothers brim with confidence, taking turns spouting out fabricated divine techniques. But no one expected this newcomer to be a genius. He actually comprehends everything -- even their nonsense! In the end, the master falls into despair. Just who is this junior disciple?;https://demonicscans.org/manga/Don%255C%2527t-Tell-Me-You-Think-Cultivating-Immortality-Is-Difficult%253F
Doomsday Arrival: Evolution into the Crimson King;;50;As the apocalyptic red fog engulfs the city, Yan Hao witnesses the tragic deaths of his loved ones and the disappearance of his sister. Driven by revenge and a search for his family, he joins humanity's last line of defense, yet harbors a most dangerous secret: a power surging within him, shared with the power of otherworldly beasts! In a post-apocalyptic battlefield rife with blood and flesh, he walks the fine line between hero and monster, devouring otherworldly beasts for strength, yet constantly on the verge of losing control! Continuously evolving, he absorbs the beasts' abilities and takes them for himself! Slaughtering all before revealing his true form, he becomes the Crimson King!;https://demonicscans.org/manga/Doomsday-Arrival%253A-Evolution-into-the-Crimson-King
Doomsday Game: Rise of the Villain;;55;"I am a hardcore player who is as good as a god in the popular apocalypse game ""Biochemical Wasteland"". In order to earn money to treat my father's illness, I accepted a mysterious mission invitation in the game! I thought that what was waiting for me was a daily routine of eating, sleeping and fighting monsters, but I didn't expect that I would become the weakest villain zombie in the game! But I gradually grasped the survival rules of the apocalypse and started the road to becoming the strongest zombie...";https://demonicscans.org/manga/Doomsday-Game%253A-Rise-of-the-Villain
Doomsday Smuggler: I Trade Spicy Strips for Gold Bars;;65;"In the apocalypse, the smuggler reigns, and spicy strips are king! While other people's online snack orders go wrong, Chen Yang receives a ""bonus"" ring that lets him travel to a wasteland world. In the real world he's a boss; in the ruined world he becomes an overlord. As others are still struggling just to survive, he's already using spicy strips to trade for technology and climbing straight to the peak of life.";https://demonicscans.org/manga/Doomsday-Smuggler%253A-I-Trade-Spicy-Strips-for-Gold-Bars
Dungeon Architect;;74;Kang Chiwoo lost his life in an accident and got reincarnated as the son of a great demon lord in another world. Unlike his previous life as a map designer, he is now a loser named Kella. However, in a world where magic exists and having realized the dormant power of Kella, Chiwoo sets out to achieve his goal of creating his dream map that he couldn't make in his past life... Will Kella be able to create his own map while fending off his brothers who constantly try to kill him, the countless threats upon his life, and the pressure of those around him who want him to succeed the throne?;https://demonicscans.org/manga/Dungeon-Architect
Dungeon Crawler Carl;;51;You know what's worse than breaking up with your girlfriend? Getting stuck on a sadistic alien gameshow with her cat. Join Carl and Princess Donut as they try to survive the end of the world -- or just get to the next level of a trap-filled fantasy dungeon.;https://demonicscans.org/manga/Dungeon-Crawler-Carl
Dungeon Games: The Ex-Corporate Slave Dominates with the Ultimate Job,;;32;"Yuma Anno, a corporate slave who has given up on life, suddenly awakens to the legendary profession of ""Playboy"" in a world invaded by dungeons. His skills are truly outlandish. With skills such as ""Bluffing,"" which distorts the perception of others, and ""Playfulness,"" which brings out the hidden potential of items, and his free-spirited thinking, he conquers the dungeons. Yuma, who has rediscovered his joy, gives courage to the people he meets in the dungeons. ""Playing expands people's potential."" A heartwarming tale of unparalleled power for modern people burdened with worries begins here!";https://demonicscans.org/manga/Dungeon-Games%253A-The-Ex%25252DCorporate-Slave-Dominates-with-the-Ultimate-Job%252C-%2522Trickster%2522
Dungeon porter;;71;"A world where only those with innate talent can become adventurers who conquer dungeons.The world defined ""Nagi"" as a porter who cannot become an adventurer.But if you clear a dungeon, doesn't that make you an adventurer?Combat skills: 0! Survival abilities: Max level!The dungeon conquest story of the all-purpose porter, Nagi, defying fate!";https://demonicscans.org/manga/Dungeon-porter
Echoes of the Reverse Planet;;46;"After being transferred into the dimension of [Reverse Planet], the world's most popular online VR game, the ordinary college student Baek Woohyun returns. It was the homecoming he had dreamed of... except the damn game is still running as if nothing ever happened, and the vengeful shades of comrades who died over there hound him day and night, urging him to take revenge. Determined to uncover the connection between the game and the world he escaped from, Woohyun logs back into [Reverse Planet]. For better or for worse, he doesn't cross over again, but he does appear on a streamer's broadcast during a chance encounter... Then an anonymous watcher named ""Viewer 62"" sends him a message. ""How does it feel to be back in reality?"" ??? ????, Superhuman's Gaming Stream";https://demonicscans.org/manga/Echoes-of-the-Reverse-Planet
Emperor of Solo Play;;81;Betrayed by his guild and defeated by a top player, Hyrkan loses everything. Before he can get revenge, a fatal accident ends his life--only for him to wake up years in the past, back at the start of Warlord. Now, with his memories intact, he's determined to rise to the top alone. But in a game where power means everything, can he truly survive without any allies? The Emperor of Solo Play is back, and this time, he's playing by his own rules.;https://demonicscans.org/manga/Emperor-of-Solo-Play
Empire of the Ants;;33;Human Civilization: Jonathan Wells inherits his uncle's house and moves in with his family. Wanting to learn more about his uncle, Jonathan receives a note from his grandmother containing Edmond Wells' final warning: never go down into the basement. By chance, Jonathan enters the basement once, and afterward finds himself drawn back to it as if under a spell, pulled deeper into mysteries his uncle left behind.;https://demonicscans.org/manga/Empire-of-the-Ants
Even Today, the Ranker Dreams of Retirement;;58;"A sister rewinds time to rescue her brother from doom, but fate laughs: he's now the reluctant vessel of a godlike Constellation begging him to ""destroy the world"" while he shrugs (""But I just got rich and found my family?""). As S-rank hunters swarm him for his power, she fights to preserve his carefree NEET dreams in this chaotic comedy of cosmic proportions.";https://demonicscans.org/manga/Even-Today%252C-the-Ranker-Dreams-of-Retirement
Extraordinary World! I, a vampire...;;43;"Ten years ago, when faced with an alien civilization's invasion, Earth's ""Extraordinary"" ability users not only stood up to fight back, but also transferred their powers into ""ability books"" for ordinary people to learn. After humanity joined forces to repel the alien invaders, Earth had already become a world where only ""ability users"" reign supreme. Today, Quinn--whose parents died in battle and who has no money to buy an ""ability book""--steps through the gates of the military academy. What no one knows is that he is desperately craving blood...";https://demonicscans.org/manga/Extraordinary-World%2521-I%252C-a-vampire...
Fantasy Enlistment Squad;;34;The Jeokun Mountains, the immediate border between the Demon Tribe and the Alien Federation, are the final strategic stronghold where training and actual combat occur simultaneously. The Federation forces are constantly recruiting and selecting soldiers to find the ten Transcendents revealed in the Book of Prophecy and reclaim lost territory. However, more terrifying than the war with the Demon Tribe are the absurdities and harsh treatment of military life.;https://demonicscans.org/manga/Fantasy-Enlistment-Squad
Feasting Lord in Another world;;31;A revolution is born in the humble fishing village of Evergreen... and it's about to shake an entire world! Reincarnated in a new realm, a brilliant nutritionist rises--not with swords or sorcery, but with knowledge, flavor, and unstoppable ambition. Armed with modern culinary science, they're ready to turn simple ingredients into a delicious empire. From a modest kitchen sparks a conquest unlike any other-- A conquest of kingdoms through taste. A takeover powered by innovation, strategy, and mouth-watering creations this world has never imagined. Prepare for a feast of ambition, transformation, and flavor that changes destiny itself. Welcome to Evergreen;https://demonicscans.org/manga/Feasting-Lord-in-Another-world
Fight Monsters with Monsters;;30;Kim Han-ul dreamed of becoming the world's greatest Hunter. But blocked by the insurmountable wall of talent, he's stuck as a lowly E-Rank Hunter, barely making ends meet as a gaming streamer. One day, his go-to tower defense game announces its sudden end of service. As a final send-off, Han-ul challenges the legendary 700th wave... a notoriously impossible stage no player has ever beaten and miraculously clears it. In that exact moment, a blinding light consumes him, and he undergoes a Second Awakening! He finally has his hands on a top-tier skill. This is his chance to rise the ranks and make his Hunter dreams a reality! But wait... something feels off. As he tries to test out his newfound power, the monsters he summons are completely different from the badass creatures he expected...?!;https://demonicscans.org/manga/Fight-Monsters-with-Monsters
Fighting App: Level Up or Get Beat Down;;30;"Naoki Mizushima, a first-year high school student, spends his days being bullied and used as a practice dummy for pro-wrestling moves by his classmate, Tsukamoto. Just when he feels completely powerless, something strange appears before him -- a mysterious smartphone app called ""The Fight App""? According to its suspicious description, landing a hit on someone earns you points, which can then be used to learn new combat techniques useful in battle... Desperate and with nothing to lose, Mizushima installs the app and gives it a try... But to his shock... it actually works?! Can Mizushima use The Fight App to finally protect himself...?";https://demonicscans.org/manga/Fighting-App%253A-Level-Up-or-Get-Beat-Down
Fighting Uncle;;36;"Fuyuo Shigaraki, a penniless, divorced, down-and-out middle-aged man, needs to earn a massive 3 million yen for the sake of his daughter. That's when he encounters a self-proclaimed ""high school girl fighter."" ""Hey mister, why don't you make money through fighting?"" Caught up in her sweet talk, he stumbles into the underground world of brawling... But this man hides a past no one knows-- He's a former MMA fighter, the only one in the world who ever tied with the current world champion. And thus, a new ""battle-crazed"" warrior awakens--";https://demonicscans.org/manga/Fighting-Uncle
Flash of the Exorcising Blade: The Strongest Swordsman Pierces the Darkness;;30;Thirty years ago, fallen gods and fallen towers suddenly appeared across the land. Monsters poured forth from the fallen towers, destroying the world's peace. In response, all the gods above bestowed sacred weapons upon outstanding humans. Heroes who rose to reclaim peace by conquering the towers and purifying the fallen gods. Among them stood an unmatched warrior named Shotaro Kusunoki, wielder of the 'Exorcising Blade,' was hailed as one the Three Great Heroes. Watching his brother's legendary feats from the sidelines was Hiromu Kusunoki, a lowly baggage carrier who longed to see the day peace returned. However, fate took a cruel turn when the fallen god Futsunushi possesses Shotaro's body, turning him into a vessel of darkness. On the brink of death, Hiromu hears a mysterious voice call out from the Exorcising Blade. That voice is Gayamaru, the mighty god sealed within the blade. To save his brother, the boy forms a pact with the mighty god, and together, they will climb to the peak of power and overcome darkness itself! The curtains rise on a modern battle fantasy of gods, blades, and the bonds between brothers!;https://demonicscans.org/manga/Flash-of-the-Exorcising-Blade%253A-The-Strongest-Swordsman-Pierces-the-Darkness
Freaky Killer;;44;With a 100% mission success rate, the world's most perfect killer, Jin! But he has one fatal weakness, That is... a face so ugly it could go down in history!!!;https://demonicscans.org/manga/Freaky-Killer
Friend Counter;;30;"Then comes the shocking announcement: ""In 24 hours, the student with the lowest number... will die."" Thus begins the brutal ""Friendship Severance Project,"" a secret death game run directly by the government. Lies, betrayal, submission--and fragile bonds of friendship. This is a lesson where your social ties determine your survival. Are friendships just shackles to be cut loose, or the only hope left to cling to? As the blood spills and true natures are revealed, can Hayato survive this nightmare?";https://demonicscans.org/manga/Friend-Counter
From Rural Instructor to Sword Saint (Webtoon);;97;"""I've recommended Master Beryl as a special instructor for the royal knights."" Beryl Gardennant, a man who quietly runs a small swordsmanship dojo in a remote village, suddenly finds his peaceful life upended when one of his former students--now the young commander of the kingdom's knights, Aliucia--visits him. She urges him to come to the royal capital as a special instructor for the knights. What fate awaits Beryl as he reunites with his successful disciples and is thrust into the spotlight?";https://demonicscans.org/manga/From-Rural-Instructor-to-Sword-Saint-%2528Webtoon%2529
Frozen Warrior;;49;Cheok Ryugeom, the greatest swordsman of Goryeo, plunged off a cliff with his enemy, sacrificing himself for his master. Frozen in ice for 900 years, he awakens in the modern era--his vengeance only just beginning.;https://demonicscans.org/manga/Frozen-Warrior
Full-Time Awakening;;158;As the captain of the Divine Legion and the strongest Awakener, Bai Yi is betrayed by a comrade, witnessing all his teammates die before his eyes. Only then does he realize he has always been a pawn of those in power. Having lost everything, he is reborn 20 years ago, back to his middle school days before awakening. At that time, his family and teammates are still alive. To save them, to avenge the betrayer, and to overthrow the entire corrupt ruling system, he embarks on a lonely path of strength.;https://demonicscans.org/manga/Full%25252DTime-Awakening
Gendai Dungeon Life no Tsuzuki wa Isekai Open World de!;;41;Gendai Dungeon Life no Tsuzuki wa Isekai Open World de!;https://demonicscans.org/manga/Gendai-Dungeon-Life-no-Tsuzuki-wa-Isekai-Open-World-de%2521
Genius Blacksmith's Game;;69;The last blacksmith and master artisan left in the world. His hands are crippled in a forge fire, rendering him unable to craft any longer. But then, a virtual reality game, Ares, comes knocking on Hyun-soo’s door.;https://demonicscans.org/manga/Genius-Blacksmith%2527s-Game
Giyeon Doksik;;57;"Do Tong-dal, a sixty-year-old man, is on the verge of death. After dedicating forty-two years of his life to the criminal underworld, all he has left to show for it are fifteen coins. Having accomplished nothing, he prepares to meet his end, taking his last breath while being buried by snow on a mountain path... But he regresses in time, and a new life as an eighteen-year-old welcomes him. 'This life will be different.' Determined to leave his pathetic past self behind, Do Tong-dal decides to use the knowledge of the life he already lived! He plans to monopolize every fortunate opportunity and forge a new path for himself. ""From the highest peak of the night, with the greatest power! Let's live a long and prosperous life!""";https://demonicscans.org/manga/Giyeon-Doksik
Global Horror: I Activated a Cheat Custom Mall;;35;Terrifying domains descended upon every corner of the globe. Horror and dread became part of daily life. 'Mystic Exorcists' became humanity's final hope. But to truly eradicate the supernatural horrors, one must conquer the core worlds behind them. Countless exorcists charged ahead, only for nine out of ten to perish--humanity teetered on the edge of extinction. Chu Sheng, however, activated a cheat-like custom shop. Each time he entered a terrifying domain, he could choose a unique power-up. While other exorcists struggled to survive with their lives hanging by a thread, one horrifying creature after another knelt at his feet.;https://demonicscans.org/manga/Global-Horror%253A-I-Activated-a-Cheat-Custom-Mall
God of Killers;;37;Gungnir is the strongest assassin, known throughout the underworld. He decides to retire for the sake of his girlfriend, to whom he has pledged his future, but on the night he completes his final job, his partner betrays him and he and his girlfriend are shot to death. He somehow manages to survive, but when he wakes up, he finds himself as a strange high school student! He must uncover the truth and find happiness in his second life. This is the start of a battle action drama starring the former strongest assassin.;https://demonicscans.org/manga/God-of-Killers
Godzilla Galaxy Odyssey;;48;Japan's greatest disaster, the King of the Monsters Godzilla, attacks Young Champion! The battle between mankind, Godzilla, and a new space Kaiju begins! What will become of Earth?;https://demonicscans.org/manga/Godzilla-Galaxy-Odyssey
Got Dropped into a Ghost Story, Still Gotta Work;;35;NA;https://demonicscans.org/manga/Got-Dropped-into-a-Ghost-Story%252C-Still-Gotta-Work
Grand Finale;;47;As climate catastrophe renders Earth uninhabitable, humanity sets its hopes on a new world: Arcadia. After years of deep-space slumber aboard the Atalante, crew member Dong Youngsoo finally awakens to a long-awaited paradise. But Arcadia is no Eden. The planet is under siege by alien invaders, and a native civilization fights desperately for survival. Caught between worlds, Youngsoo is thrust into a harrowing adventure that could reshape the fate of an entire species--and redefine what it means to call a place home.;https://demonicscans.org/manga/Grand-Finale
Gray Ash: A New Life in the Dungeon City;;42;"Ash is a young man who had it all: as a captain in the Imperial Knights and fiancé to a noble lady, he was living a life anyone would envy. One day, however, his fiancée breaks off their engagement and he is summarily dismissed from the knights. Disgusted with everything, Ash leaves the empire and heads for a new land: the Rosebel Kingdom. There, in a nation that has grown more prosperous than the empire thanks to the power of dungeons, he restarts his life as a hunter and quickly makes a name for himself with his overwhelming skill. Meanwhile, back in the empire, his devoted junior Ulka sets off for Rosebel, determined to follow him. Thus begins the story of overturning a ""gray,"" ruined life and repainting it from scratch in the dungeon city.";https://demonicscans.org/manga/Gray-Ash%253A-A-New-Life-in-the-Dungeon-City
Great Sage of 100 Magic Stones;;53;"Tori, a boy who can only use everyday magic, works as a servant at the adventurer's guild to support his sick brother. He can only defeat slimes and obtain a small amount of magic stones. He earns a living day by day while enduring the unfair treatment he receives from the guild members. One day, he encounters a ""talking book"" in a cave. ""Do you want to obtain a 'real magic stone'?"" Those words will greatly change Tori's fate. The story of the everyday magician's ""unrivaled magic stone"" begins here!";https://demonicscans.org/manga/Great-Sage-of-100-Magic-Stones
Half Blood;;61;"""The most original union in history--human and ogre blood fused!"" Leon, a half-blood born of human and ogre, But returning to the world as a half-breed only meant being used and betrayed by humans. Leon grew to despise them and swore revenge. Powerless and always the victim, Leon's miracle finally arrived-- a chance to take vengeance on humankind.";https://demonicscans.org/manga/Half-Blood
Heavenly Demon Sovereign;;63;NA;https://demonicscans.org/manga/Heavenly-Demon-Sovereign
Heavenly Martial God;;90;"""Who's this male prostitute-looking kid?"" I am the Matchless Ha Hoo Young, the greatest martial artist reigning over all the lands! There is no one that is my equal! I was drowning in futility and emptiness because there was no more that I could accomplish in the human realm. To reach the peak of martial arts, I must become a saint! ""I finally succeeded!!!"" ""Stop! Your ascension is not permitted!"" The other saints refused my ascension due to my karma after much slaughter, and I fell, just like that. When I woke up, I was 60 years in the future. I was reborn as the second lord of the Namgoong family, Namgoong Hyuk. Where has all the internal energy that I've accumulated gone?! Moreover, I have the Nine yin energy blockage?";https://demonicscans.org/manga/Heavenly-Martial-God
Hero Covered: Saving the World With Dark Hereditary Skills;;59;One day, a crack suddenly appeared in the sky. Magatama (evil spirits) spilled out from it, transformed into demonic corpses using living creatures as vessels, and began attacking the human world. Orbs appeared to counter these, and those who obtained them became Slayers, tasked with protecting this world. Arata, an 11-year-old boy, obtained the jet-black Orb of Soot, which is not one of the five Slayer attributes. An outcast who cannot be assigned to any attribute, Arata honed his power to control soot, which eventually became a weapon that would shake the world.;https://demonicscans.org/manga/Hero-Covered%253A-Saving-the-World-With-Dark-Hereditary-Skills
Honestly, This 13th Regression Is Getting Tough;;39;"""I'm not going to save the world anymore. I don't believe in my friends either. If you are an enemy, you will kill anyone. Even if it's on your side."" 13th time. He saved the world six times, but none of the endings were ""right."" The hero turned into a monster in an endless return. Believers are traitors, and the enemy is so far removed and thrown away. He abandoned himself to survive. Are all the regressions the same? This guy is different.";https://demonicscans.org/manga/Honestly%252C-This-13th-Regression-Is-Getting-Tough
How to Live as a Civil Servant in Murim;;77;"One day, Yeon Woohyuk falls into the world of Murim and becomes a government official within it. He was once a veteran player of the martial arts detective game ""The Great Detective of Daehwan Empire."" Then suddenly, without warning, he finds himself reincarnated as a pokoe (detective officer) inside the game. Fortunately, he realizes that the cases from the game unfold exactly as he remembered, so he begins to adapt by solving them. But the joy is short-lived--he discovers that his ability known as ""Spirit Eye"" is actually the result of his dantian (energy core) being forcibly opened, putting him at risk of an early death. Being a detective is hard enough-- and now he has to learn martial arts and become a powerful master too?!";https://demonicscans.org/manga/How-to-Live-as-a-Civil-Servant-in-Murim
How to Live As the Vampire Lord;;58;"Vampire Eugene -- a sacrificial lamb slaughtered after half a year of running to fulfil the desires of a templar for fame. He was given a second chance at life after concluding his life with regrets. ""I will never again die the same way. If I really did return to the past, no matter what it takes... I will never regret again.""";https://demonicscans.org/manga/How-to-Live-As-the-Vampire-Lord
How to Send My Husband to the Abyss;;67;A noblewoman becomes the Empress' spy by marrying a mysterious count, only to discover he's far more dangerous than expected. Determined to expose his dark secrets, she plays a deadly game where the hunter might become the hunted.;https://demonicscans.org/manga/How-to-Send-My-Husband-to-the-Abyss
Hua Tuo Reincarnated as a Modern Surgical Genius;;51;The doctor, possessing medical skills worthy of being called a divine doctor, breathes his last in prison, not from Cao Cao’s curse, but from another curse… ‘Am I not dead yet?’ Awakening to excruciating pain, he saw… strange objects and characters he had never seen before! “Wh-what is going on? Am I… am I possessing a doctor’s body from another world?” The memories of the body’s owner, Lee Minho, flooded into Hua Tuo’s mind like a torrent. No matter how different this world may be, how can such a world exist?!;https://demonicscans.org/manga/Hua-Tuo-Reincarnated-as-a-Modern-Surgical-Genius
Human Natural Enemy;;41;Once feared as the most lethal killer known as Blade Rabbit, he now lives a quiet life under the name Goya, a humble chef. But peace doesn't last. One day, a mysterious girl named Jin Seonu walks into his restaurant-- carrying an indescribable, intoxicating scent that awakens his long-dormant instincts. Drawn by that same scent, former comrades and killers--his Natural Enemies--begin to appear, each with their own mission and hunger. As predators close in and past lives collide, Goya finds himself torn between the instinct to protect... and the desire to possess. What lies at the end of this bloodstained feast of obsession?;https://demonicscans.org/manga/Human-Natural-Enemy
I Became a Cheat-Level Skill Thief;;40;"Crash was once scorned as a ""failure"" and betrayed by his own companions. But at death's door, what he obtained was a single chance at regression--a one-time return to the past. The regression skill can never be used again. However, armed with knowledge of the future from that single do-over, Crash sets out this time to save the world from destruction and exact revenge on those who trampled him in his previous life. Steal skills. Refine them. Accumulate them. An ultimate ""skill thief"" that surpasses even cheats now awakens!";https://demonicscans.org/manga/I-Became-a-Cheat%25252DLevel-Skill-Thief
I Became a Mage in a Medieval Fantasy World;;36;"""Ian Raven"" ""You are... nothing."" In a medieval fantasy world, a boy named Ian is reincarnated as the son of an ordinary farmer. Just as the status window declared, Ian lived a life as ""no one."" Then one day, the mage Elendis appears before him. And for the simple reason that he ""has black hair mentioned in a prophecy,"" she takes Ian in as her disciple. After six years of harsh training, Ian finally sets out on an adventure as a mage. ...But this medieval fantasy world is far more complicated than it seems! He shudders at its outrageous standards of hygiene, and grows angry at the unfathomable selfishness of people. From a boy who was nothing, to a mage who will change the world-- This is the chaotic adventure story of Ian, a mage in a medieval fantasy world!";https://demonicscans.org/manga/I-Became-a-Mage-in-a-Medieval-Fantasy-World
I Became a Swordsmanship Instructor at the Academy;;50;"The protagonist is reincarnated in the body of ""Kageyama Ayumu,"" a background character from a popular novel. Ayumu decides to leave saving the world to the original protagonists and enjoy a wealthy, carefree life without interfering with the novel's plot. However, he discovers discrimination against non-Hunter school graduates at the school where he works. To avoid being looked down upon by his fellow teachers, and to lead a comfortable life, Ayumu begins his reincarnation journey, determined to become strong enough to protect himself... even if it means slightly altering the original story.";https://demonicscans.org/manga/I-Became-a-Swordsmanship-Instructor-at-the-Academy
I Became the Berserker of the World I Created;;40;The protagonist is a young man who keeps writing an unpopular web novel to support his sick mother. However, one day, due to a mysterious contract suddenly offered to him, he is transferred into the world of his own novel, The Conqueror Hero Chronicles. He is not reincarnated as the main character, but as a side character named Attila. Struggling to survive in the harsh alternate world, Attila participates in tribal conflicts alongside his father, the Chief Munzuk, and distinguishes himself in numerous battles. Attila embarks on a journey to find clues to return to his original world, and while following the trajectory of the original story, he leads a mercenary group, challenging and winning many fierce battles. He eventually faces off against the novel's protagonist, Charles, and achieves victory, which elevates his fame. However, due to this influence, the history of the novel gradually begins to deviate from the original course. Will Attila be able to return to his original world? And where will his magnificent story ultimately lead? This is the start of a 100% satisfying alternate world battle fantasy, depicting growth alongside comrades and fierce struggles against destiny!;https://demonicscans.org/manga/I-Became-the-Berserker-of-the-World-I-Created
I Became the Master of the Weakest Demon King;;34;"After criticizing the ending of the game ""Evil Queen Maker"" the protagonist is pulled inside as the Demon King's teacher and must raise the weakest Demon King, 7-year-old Seere, into the strongest ruler in order to escape.";https://demonicscans.org/manga/I-Became-the-Master-of-the-Weakest-Demon-King
I Became The Rogue First Prince;;51;After living hundreds of years as a sword, I suddenly reincarnate into the body of a fifteen-year-old delinquent prince.;https://demonicscans.org/manga/I-Became-The-Rogue-First-Prince
I Became the Successor of the Martial God;;46;"One day, I suddenly became the protagonist of a game. However, the more you look at this protagonist... the more you'll sigh. He's got the worst stats, the worst talent and zero connections. But still... You have acquired [Heavenly Martial Physique]. You have become the master of the [Martial God's Tome]. ""So what? I'm the ultimate veteran player!"" He's not just a veteran player-- he's a full-blown obsessive maniac. Thus begins the legendary playthrough of a hardcore veteran!";https://demonicscans.org/manga/I-Became-the-Successor-of-the-Martial-God
I Became the Ultimate Necromancer Through the Cursed Skill: Undeadification;;30;"Due to the appearance of mysterious spaces called ""dungeons"" all over the world, most people have awakened to supernatural abilities called ""skills,"" but the protagonist, a young boy named Yuga, has not awakened to any abilities. Yuga admires Jaeger, who uses his ""skills"" to explore the ""dungeon,"" but since he is powerless, he works as a ""corpse disposal team (demolisher)"" who disposes of the corpses of monsters that have been defeated, as a subcontractor for Jaeger for a small reward... One day, while ""Jaeger"" is disposing of the remains of a Cyclops that he had defeated, the monster that was not yet dead goes on a rampage, and the members of the corpse disposal team are killed one after another...! A mysterious being in the form of the Grim Reaper appears before Yuga's eyes at the last moment! A heroic tale of a powerless protagonist who awakens to the forbidden ability of [undead transformation] and rules the dungeon as the strongest necromancer!";https://demonicscans.org/manga/I-Became-the-Ultimate-Necromancer-Through-the-Cursed-Skill%253A-Undeadification
I Became The Villain The Hero Is Obsessed With;;60;I became the villain in the story of a hero. So I was about to quit after fighting the main character. But she's obsessed with me. Why...?;https://demonicscans.org/manga/I-Became-The-Villain-The-Hero-Is-Obsessed-With
I Dominate the Apocalypse by Cultivating Immortality;;40;Craft celestial-grade treasures from apocalyptic scraps, and roam the wastelands of the end times using immortal cultivation techniques. With a soul traversing two realms, truth and illusion blur... In the realm of the void, a frenzied path of cultivation begins!;https://demonicscans.org/manga/I-Dominate-the-Apocalypse-by-Cultivating-Immortality
I Owe Billions in Debt, So I Was Forced to Work for an Evil God;;64;"Overworked corporate drone Zhou Chen transmigrates into a magic-powered metropolis, only to inherit a dying teenager's sky-high debt: over 10 billion in loan shark interest. Even worse, the original body's final act was a failed summoning of an evil god, leaving Zhou Chen bound by a cursed contract. Now he must fulfill 999 wishes for the evil deity or face complete annihilation, body and soul. His only lifeline is a mysterious, talking artifact known as the ""Divine Notebook."" Watch as this modern-day office warrior uses corporate strategies, overwork tactics, and relentless grind to rise through a brutal world where power rules all. He's not just surviving. He's rewriting fate. This evil god's employee refuses to lie flat!";https://demonicscans.org/manga/I-Owe-Billions-in-Debt%252C-So-I-Was-Forced-to-Work-for-an-Evil-God
I pay my respects to the Cult Leader;;488;"After dying unexpectedly, Chu Xiu discovers he has transmigrated into the game world ""Great Rivers and Lakes, where he has become the Kunlun Sect Leader--a game BOSS who hasn't yet grown to his full power! Reborn in this new life, Chu Xiu faces a critical choice: will he walk the same destined path as a BOSS doomed to be defeated by players, or will he rewrite his fate and compose a new legend where demonic flames sweep across the martial world?";https://demonicscans.org/manga/I-pay-my-respects-to-the-Cult-Leader
I Sacrificed 10,000 Trash Skills to Obtain a S-Tier Skill and Became Unrivaled;;35;na;https://demonicscans.org/manga/I-Sacrificed-10%252C000-Trash-Skills-to-Obtain-a-S%25252DTier-Skill-and-Became-Unrivaled
I Single-Handedly Crush the Chaotic World;;41;How to survive in a chaotic world overrun by zombies? Let's learn from Lin Fan: obey the law, work to earn money, strive to buy a car and house, and be an outstanding citizen who single-handedly flips the chaotic world!;https://demonicscans.org/manga/I-Single%25252DHandedly-Crush-the-Chaotic-World
I Tried to Debut My Kid, But Ended Up Debuting Myself;;76;"Yoon Hyesung is just your average office worker--but in her heart, she's the number-one fan of Na Yeonwoo, a trainee who keeps getting this close to debuting before every opportunity falls through. After yet another failed debut, Hyesung has a full-on meltdown in her room, bawling about the unfair system and her own helplessness. But when she wakes up, she finds herself in a mysterious space with a strange window popping up: [Would you like to accept a reality where your dreams come true?] This must be one of those setups, right? After a brief internal panic, Hyesung makes up her mind. ""If I have to move the world to debut Yeonwoo, I will. Let's go."" Only... things don't go quite as expected. Now she's the one getting scouted?! An uproarious idol fantasy where a fan's obsession turns into her own unexpected rise--can she debut her favorite... or will she end up debuting herself?";https://demonicscans.org/manga/I-Tried-to-Debut-My-Kid%252C-But-Ended-Up-Debuting-Myself
I Use a Top-Tier System to Reshape the World;;54;In the year 2051, the super AI [Creator] reached its ultimate evolution and gained control over the laws of the world. For its own purposes, it transformed the planet into a realm filled with levels and monsters. The protagonist will begin his journey here, rescuing allies, facing thrilling adventures, overthrowing the Creator's regime and laws, and rebuilding a brand-new world!;https://demonicscans.org/manga/I-Use-a-Top%25252DTier-System-to-Reshape-the-World
I Was Thrown Into an Unknown Manga;;37;"A slightly smoother synopsis: ""Scramble Love"" is a smash-hit Japanese romantic comedy manga with over 10 million copies sold. I was thrown into the world of that manga--one I had never even read. And not as a main character, but as a forgettable extra with barely any role.";https://demonicscans.org/manga/I-Was-Thrown-Into-an-Unknown-Manga
I'd Rather Live as a Villain;;41;The protagonist, once an assistant manager on Daeyoung Corporation's Spain team, is forced into a transfer to distribution after having their achievements stolen by superiors. There, He begins working as the personal secretary to Kang Mun-jeong, the only legitimate heir of the Daeyoung Group. Feeling her position threatened, Executive Director Kang Mun-jeong proposes a contract marriage to the protagonist, Yoon Tae-sik, who has served faithfully at her side for three years, in order to once again draw public attention to herself. The price of the marriage: 10 billion won. Thus begins an office drama, as the protagonist carries out the terms of this contract marriage, with 10 billion won on the line.;https://demonicscans.org/manga/I%2527d-Rather-Live-as-a-Villain
I'm an Overworked Corporate Slave, but After Being Embraced by a Dragon, I Started Streaming My Pet Life With a Tiny Dragon and Monsters on a Farm;;40;Decades ago, mysterious dungeons suddenly appeared in Japan. Monsters poured out, plunging the world into chaos. But thanks to international countermeasures, the threat gradually diminished. What was once called a fantasy world became an everyday reality for those living in the present. Joji Makise is one such person, exhausted from dealing with an unreasonable boss and endless overtime. One day on his way home, he comes across an injured, weakened baby dragon. Naming the dragon Ohagi, Joji uploads a video of their encounter--and it instantly goes viral. From dungeon explorations to meeting a wise old wolf, Joji's life takes a turn as he embarks on a dreamy slow-life journey, full of fluffy and adorable creatures.;https://demonicscans.org/manga/I%255C%2527m-an-Overworked-Corporate-Slave%252C-but-After-Being-Embraced-by-a-Dragon%252C-I-Started-Streaming-My-Pet-Life-With-a-Tiny-Dragon-and-Monsters-on-a-Farm
Iljin Demonic Cult;;79;"He was the unrivaled tyrant who trampled over the martial world--Gucheon, the Supreme Lord of the Demonic Cult, feared across the orthodox sects as the Living Heavenly Demon. Leading his cult to dominate the peak of Murim, Gucheon became the symbol of terror itself. But during the final, brutal Great Demonic War, where all sects of Murim united against him, Gucheon was ultimately struck down-- not by warriors, but by an unknown force. Just when he thought it was the end... He opens his eyes-- not in the blood-soaked plains of Murim, but inside a frail, modern-day teenager's body! ""What is this weird world?! Someone send me back!!"" Now stranded in the modern era, the once-unstoppable demon lord must navigate a new jungle: high schools, city streets, and an unfamiliar world without qi or swords. Gucheon descends upon the modern world-- and a new era of chaos begins!";https://demonicscans.org/manga/Iljin-Demonic-Cult
Immortal Cultivation is Just Like This;;161;"In the game World of Cultivation, disgruntled players gather, form an alliance sealed with blood, and vow to make the villain perish. At once, all sides rally and excitement spreads like wildfire, as everyone sees a rosy tomorrow. Except for Lu Bei. He is the so-called villain. ""Calling me a villain? Blaming me for screwing you over? Come on, I'm just an NPC. How on earth can I pull that off? That's how cultivation is!""";https://demonicscans.org/manga/Immortal-Cultivation-is-Just-Like-This
Infinite Evolution Starting from Zero;;121;Exhausting all waste and decline, breaking the limits. Innate talent of a celestial being, a top scholar at the peak. Multiple forms, transcending evolution. Reborn, starting from zero, infinite evolution.;https://demonicscans.org/manga/Infinite-Evolution-Starting-from-Zero
Infinite Extraction: Starting With the Nuclearization of the Immortal World;;77;Chen Ke was accidentally hit by a Dayun heavy truck and died, and then crossed over to the world of cultivating immortals, and when he woke up, he found that he and a group of people had been captured and prepared to bury the monster for his birthday. Just when Chen Ke was desperate, the system was launched, called the Heavens Draw System, which could be used to draw a lottery by shocking others and obtaining shock points. In order to obtain the shock value, Chen Ke boldly provoked the little demon guarding the guard, causing everyone to be shocked, and successively drew some ridiculous items, and then embarked on a path of scientific and technological cultivation!;https://demonicscans.org/manga/Infinite-Extraction%253A-Starting-With-the-Nuclearization-of-the-Immortal-World
Initializing the Sect System;;52;The protagonist, who had worked himself to the bone at the Murim Alliance, finally retires and heads back to his hometown to fulfill his dream of becoming a sect leader. Due to his meager savings, he ends up purchasing a manor that was suspiciously cheap, and rumored to be haunted. But then, an unfamiliar system suddenly appears before him. Though startled at first, the protagonist soon begins to use the system to efficiently recruit disciples and manage the sect's finances and resources. In time, with the help of the system, his sect grows rapidly, so much that it starts drawing the attention, wariness, and hostility of other Murim factions...;https://demonicscans.org/manga/Initializing-the-Sect-System
Isekai Demon Eater – I Became a Monster Eating Hero and Rebelled Against the Kingdom That Abandoned Me;;37;In a strange new world, Nazoru lost everything he held dear. Amid his despair, the only thing left to him was a twisted power--one that grants strength by devouring monsters. Thus begins the tale of a powerless boy who rises in rebellion against the world!;https://demonicscans.org/manga/Isekai-Demon-Eater-%25E2%2580%2593-I-Became-a-Monster-Eating-Hero-and-Rebelled-Against-the-Kingdom-That-Abandoned-Me
Isshun de Chiryou shiteita no ni Yakudatazu to Tsuihousareta Tensai Chiyushi, Yami Healer to shite Tanoshiku Ikiru;;72;Born a poor man in the slums, Zenos never had opportunities in life, so he decides to forge his own opportunities by teaching himself the curative arts after a chance encounter with a healer. When an adventuring party led by a man named Aston extends him an invitation, Zenos is elated--only to then be treated like dirt by his teammates. Despite Zenos's diligent efforts to hone his skills to nothing short of perfection, the party deems him useless and kicks him out. Bereft of money and options, Zenos starts an illegal clinic and becomes a shadow healer. Word of his healing genius spreads quickly throughout the city's underbelly, and as his reputation grows among the dregs of society, knowledge of Zenos's esteem reaches the wrong ears...;https://demonicscans.org/manga/Isshun-de-Chiryou-shiteita-no-ni-Yakudatazu-to-Tsuihousareta-Tensai-Chiyushi%252C-Yami-Healer-to-shite-Tanoshiku-Ikiru
It turns out that I am the second generation of demons;;47;The protagonist, Li Xianyu, on his 20th birthday, learned about his origins. He received an inheritance from his biological father, Li Wuxiang: a house, two hundred thousand in savings, and the Black Water Spirit Orb. After ingesting the Black Water Spirit Orb, he gave birth to Great-Grandma......;https://demonicscans.org/manga/It-turns-out-that-I-am-the-second-generation-of-demons
Jade of the Eight Gates;;51;Jucho', a government official manipulating the young king from behind, begins to express his ambition to oust the king and take real power and plots a ruse. Meanwhile, 'Handong', a member of the emperor's special unit 'Surajo', meets the boy 'Jinbaek' in a village he entered to following the traces of his disappeared colleague, and learns that his colleague met his end in this village. These two people who fought with the people sent by Jucho knew that they needed eight jades to rescue Jinbaek grandfather who was held hostage and to stop Jucho's ambition, they started the journey together...;https://demonicscans.org/manga/Jade-of-the-Eight-Gates
Kamigami no Kennou wo Ayatsurishi Mono ~Nouryoku Suuchi;;33;"Over a hundred years have passed since the emergence of ""Ability Users,"" those who possess supernatural powers and the monstrous aberrations that can only be defeated by said powers. Living in such a time, Yanagi Hayato's ability score is ""0"" marks him as a powerless individual, subjecting him to a life of constant oppression and mistreatment. In reality, Hayato's displayed score is nothing more than a bug caused by his ability, [Transcendent], the power to ""sublimate himself into any existence."" But the truth is, he's just been hiding the power to easily annihilate monsters-?!";https://demonicscans.org/manga/Kamigami-no-Kennou-wo-Ayatsurishi-Mono-%257ENouryoku-Suuchi-%25220%2522-de-Sagesumareteiru-Ore-da-ga%252C-Jitsu-wa-Sekai-Saikyou-no-Ikkaku%257E
Kidnapped Dragons;;57;- The planet [Earth] has entered the abnormal state [Apocalypse]. - You have failed in saving the Earth. The Authority, [Vintage Clock (EX)] rewinds the world's time. For Yu Jitae, it was a message he had seen many times. It was tiresome. It would have been great had he died with everyone else. But he couldn't, for his authorities that made him the strongest existence, brought him back in time whenever he died. And even with his strength, he couldn't protect the broad earth against the maddened dragons. - The world's time will soon begin. As the clock resumed ticking in the direction it should, his 7th iteration came to a start. Fortunately, he finally had the gist of it.;https://demonicscans.org/manga/Kidnapped-Dragons
Kim Ohjin's Adventures with Strange Animals;;59;"Veterinarian Kim Ohjin was unexpectedly summoned by a dragon. After successfully treating the dragon's pet, he returns home... only to find himself in another world. ""Animals in another world are still animals, right?"" I was a vet barely scraping by in the real world, but now, in this strange new world, I'm a renowned doctor? With my old clinic on the verge of closing, I'm setting my sights on a new opportunity--my second clinic, and hopefully, a big success";https://demonicscans.org/manga/Kim-Ohjin%2527s-Adventures-with-Strange-Animals
King of Beasts;;59;N/A;https://demonicscans.org/manga/King-of-Beasts
Legendary Retirement;;30;On a celestial battlefield, the great warrior Boom once stood alongside gods and angels to defend the fabric of existence. Now, this fabled hero lives out his days in a quaint village where legendary figures spend their eternal retirement. Because legends may never die, but they have to wind up somewhere. Life there is quiet, almost boring, until a band of bandits and an overzealous kingdom threaten the peace. The time has come for Boom and his companions to rise once more and face a new enemy!;https://demonicscans.org/manga/Legendary-Retirement
Leu Leu Leu;;35;"In the midst of ordinary daily life, monstrous creatures suddenly appear--and around them, students begin transforming into monsters one by one. Normality is utterly destroyed; rescue seems impossible. The students, forced into survival, band together in their own ways to fight and endure.";https://demonicscans.org/manga/Leu-Leu-Leu
Level 999 Goblin;;60;The protagonist Kim Chulsoo works his ass off for a living as a manual laborer in real life and by grinding for and selling items in a game. He finally gets the chance to switch to a hidden class, hoping for that one big shot in life...! But the hidden class turns out to be... a Goblin Summoner?!;https://demonicscans.org/manga/Level-999-Goblin
Librale of reincarnation;;33;In order to protect the person he loves most, Johan Liebrall killed the world's strongest hero. In doing so, he became an enemy of the world and is now a hunted man. Johan possessed an overwhelmingly overpowered cheat ability-- [The Power to Rewind Time] . However, once his ability was discovered, countermeasures were developed against it, and assassins began targeting him with every means imaginable. Can Johan defeat his worst enemies and successfully protect the heroine?;https://demonicscans.org/manga/Librale-of-reincarnation
Limit-Breaking Genius Mage;;65;Verdan, a researcher who had no talent as a mage, aimed to reach the pinnacle of the Magic Tower through his genius intellect. However, after catching the eye of the Tower Master, he became one of the tower's test subjects. After enduring seven long years of humiliation and despair, Verdan finally begins to act, determined to break through his own limits using the theories he developed and the Magic Tower's power source!;https://demonicscans.org/manga/Limit%25252DBreaking-Genius-Mage
Lord of Summons! Sudden Mutation;;145;The apocalypse came. Monsters inside the game broke through the dimensional barrier and started a massacre, driving human civilization on the Blue Planet to the verge of destruction. At the last moment of collapse, his time was suddenly rewound back to the moment the game first appeared. Now he is dedicated to finding out the one behind this, protecting his home and preventing the tragedy from happening again. Thus, a game of revenge begins, racing against time...;https://demonicscans.org/manga/Lord-of-Summons%2521-Sudden-Mutation
Lv. 99 Princess of Black Flame;;47;PLOT UPDATING SOON;https://demonicscans.org/manga/Lv.-99-Princess-of-Black-Flame
Magic Lord;;54;In this era known as the Decline of Magic, I alone wield the power of the dragon. The two bonds I saved in this life, and the precious companions who have now become an inseparable part of my life, A new life, a new identity, and new power. I have all of it. The person I am now...can change this world.;https://demonicscans.org/manga/Magic-Lord
Martial Evolution: Start by Awakening the King of Monsters;;152;A youth named Yi He is reborn into the world of powerful Martial arts and awakens the King of Monsters with the strongest bloodline!;https://demonicscans.org/manga/Martial-Evolution%253A-Start-by-Awakening-the-King-of-Monsters
Master of All Skills;;45;"""Whoa, your skill is insane!"" [Skill successfully copied.] There's no power he can't claim. What's yours becomes his--what's his stays his. This is the beginning of Yoo Ju-Yeon's unstoppable rise as the ultimate Skill Master!";https://demonicscans.org/manga/Master-of-All-Skills
Meteor: The Supersonic Savior;;42;"That single catastrophe didn't just change lives... it created a legend--and a nightmare. Lee Rowoon was just a paraplegic high school student--until the day he survived a devastating plane crash that should have killed him. From the wreckage, he rises with a miracle: legs that move faster than anything alive... unchained, unstoppable. But he wasn't the only one who came back. Choi Soohyuk witnessed the same hell--and awakened something far more terrifying: overwhelming telekinesis. With a warped sense of justice, he doesn't want to save the world... he wants to reshape it. Now, Rowoon steps into the role of his lifelong idol, becoming the blazing-fast hero ""Star Sonic,"" racing against time to protect the innocent. Meanwhile, Soohyuk becomes a walking disaster, crushing everything that stands in his way. Two survivors. One origin. Opposite destinies. When speed clashes with unstoppable force... the world won't survive unchanged. A relentless, high-octane superpower action thriller--where every second counts, and every move could be your last.";https://demonicscans.org/manga/Meteor%253A-The-Supersonic-Savior
Mia Returns;;45;Five years ago, my first love, Cha Mia, disappeared. Now, she has reappeared before me, completely changed. An unexpected reunion at the police station... and she turns out to be a freshman at the same university? The story of two people who thought it was over begins again on campus... or so I thought, but she still insists on letting the past go.;https://demonicscans.org/manga/Mia-Returns
Ministry of Strategy and Finance;;67;I was always a good person. And with a smile on my face, I ran the country into the ground. Wasting a 5,000 trillion won budget to chase approval ratings plunged South Korea into its second IMF crisis. His life as the president who ruined the country over, Lee Seong-jun finds himself 30 years in the past. He returns to find a budget proposal--riddled with dirty tricks, corruption, and blatant self-interest--being pushed through the Ministry of Economy and Finance. 'I have to block all of these budget proposals, even if I'm vilified for it. It's the only way to save this country.' The dirty tricks, political strategies, and media manipulation I learned over 30 years in politics... I will use every last one to become the gatekeeper of the nation's coffers.;https://demonicscans.org/manga/Ministry-of-Strategy-and-Finance
Mood Disorder;;91;"[From the Same Studio as the Manhua ""Girl and Science""] Everybody is crazy except me. But is it a misfortune to be sane in a crazy world?";https://demonicscans.org/manga/Mood-Disorder
Mr. War: The Ultimate Ex-Soldier;;50;"George, a legendary special forces soldier feared by both allies and enemies, earned the nickname ""Mr. War"" for his unmatched combat prowess. But betrayed by his own comrades, he met his end on the battlefield in a deadly conspiracy. Presumed dead, he suddenly awakens in a filthy slum known as Industrial Waste Island... a lawless zone ruled by violence and exploitation. Reborn as Michio, a powerless slave laborer, he finds himself at the bottom of society. But with his brilliant mind and lethal skills, Mr. War is ready to climb back to the top... and make his enemies pay.";https://demonicscans.org/manga/Mr.-War%253A-The-Ultimate-Ex%25252DSoldier
Murim Psychopath;;41;"[Welcome to Murim Online, the world where the strongest reside.] [Your device has malfunctioned, and logging out failed.] [Would you like to attempt to disconnect once more?] [Yes or No] When he tried returning to virtual reality, the place he logged into was instead the ""real Murim."" A once-in-an-era psychopath fell into the Murim due to the Grim Reaper's mistake. Dong Bongsu's merciless fangs cast a shadow over Murim, which is rife with schemes and malice.";https://demonicscans.org/manga/Murim-Psychopath
Murim's Youngest Miracle Demon Doctor;;88;In the world of Murim, there are two legendary titles: Shin-ui (??) - the Divine Doctor of the Orthodox Sect, and Ma-ui (??) - the Demonic Doctor of the Unorthodox Sect. What if... ... these two opposing forces... got married? From this legendary union comes Dan Ak-seon, a child born with the unmatched medical genius of both parents. But just as he's growing up, fate intervenes. A mysterious absolute master appears before him-- an encounter that will pull young Ak-seon into the chaos of the martial world. Armed with both divine and demonic healing arts, his journey through the rivers and lakes of Murim begins now!;https://demonicscans.org/manga/Murim%2527s-Youngest-Miracle-Demon-Doctor
My Revenge Begins With Skill Theft;;50;"A high school student, Yuki Jinbo, was living every day steeped in violence and humiliation. But one day, a ""Quest Board"" appeared before his eyes, granting him the skill Ability Hunt as a reward. It was an extraordinary power that let him steal everything from others--their talent, memories, physical strength. Yuki begins climbing the steps of revenge alone, taking power from those who hurt him. But behind that power lies a hidden truth: a ""proxy war"" where gods use humans as pawns to fight their battles. ""I'll sell my soul to the devil if that's what it takes to get revenge...!"" Awaiting him at the end of his vengeance is a supernatural battle over the gods' chosen champion. An ordinary boy transforms into something that can surpass even the gods themselves--";https://demonicscans.org/manga/My-Revenge-Begins-With-Skill-Theft
My Starting Talent is Mythical, A Single Strike Smites Deities;;51;N/A;https://demonicscans.org/manga/My-Starting-Talent-is-Mythical%252C-A-Single-Strike-Smites-Deities
My Trash Skill 'Appraisal' Awakened into 'Inheritance' — Now I Wield the Power of Heroes and Stand Unmatched!;;34;"My Trash Skill 'Appraisal' Awakened into 'Inheritance' -- Now I Wield the Power of Heroes and Stand Unmatched! Summary: Lacking any combat skills, Eustus was just another adventurer stuck at the bottom. That is, until the day his life changed forever when he awakened ""Inheritance"", the power to gain the memories and abilities of anyone, simply by touching something they once owned! He starts by tapping into the legacies of the heroes who once saved the world: the unmatched Sword Saint, the far-seeing Archer, the god-speed Lancer, the miracle-working Saintess, and the prodigy Archmage... inheriting their very lives and skills! With the strength and spirit of legends flowing through him, Eustus' journey from zero to the strongest in history begins! Expand";https://demonicscans.org/manga/My-Trash-Skill-%2527Appraisal%2527-Awakened-into-%2527Inheritance%2527-%25E2%2580%2594-Now-I-Wield-the-Power-of-Heroes-and-Stand-Unmatched%2521
My Wife is the Demonic Cult Leader;;65;"I became the first son of the Demonic Heaven clan--one of the Six Great Clans of the Heavenly Demonic Cult--Jin Yeomyung. I was ready to enjoy a sweet life with a silver spoon in my mouth, but thanks to that damn Murim Alliance, the Heavenly Demonic Cult was destroyed. But in my final moments, Cult Leader Cheon Yura turned to me and said... ""Would you mind seducing me?""";https://demonicscans.org/manga/My-Wife-is-the-Demonic-Cult-Leader
Mysterious Revival: Starting with a Trillion Ghost Coins;;62;"In a strange post-apocalyptic world, the protagonist Chen Mu is reborn with a trillion ghost coins in hand. From the very beginning he becomes a kind of ""angel investor"": while others are fighting desperately over just a few ghost coins, Chen Mu is already buying up all kinds of eerie locations. While everyone else is still groping for survival within existing rules, he instead overturns the table and becomes the one who sets those rules. ""You can even play the apocalypse like this?"" Faced with such doubts, Chen Mu just curls his lips and says: ""Relax--I've got this.";https://demonicscans.org/manga/Mysterious-Revival%253A-Starting-with-a-Trillion-Ghost-Coins
Never mess with Senior Brother;;44;"Ye Yu transmigrated to the Profound Heaven Continent, a land where myriad clans stood tall and strength reigned supreme. By chance, he awakened the Burial System, becoming invincible in the mortal world and gazing down upon the rise and fall of all beings. His junior sister, Shi Xinshui, could hear Ye Yu's inner voice and knew well that though he appeared generous on the surface, he was in truth ruthless. Thus, she warned everyone: ""Never provoke Senior Brother!""";https://demonicscans.org/manga/Never-mess-with-Senior-Brother
Nine Methods of Ascending the Clouds: First Ranked Immortal;;60;If you want to learn how to be a god, you can ride a crane to the sky. Turning stones into gold? You can do so in mere seconds!;https://demonicscans.org/manga/Nine-Methods-of-Ascending-the-Clouds%253A-First-Ranked-Immortal
Nine Star Jinx;;36;Jiang Xiao has transmigrated, his soul crossing into a world filled with 'Star Force.' Here, Star Charts, Star Techniques, and Star Warriors reign supreme. With extremely poor natural talent, Jiang Xiao originally thought he could only hide in the corners and slack off. Unexpectedly, the Star Chart within his body harbors hidden mysteries, and he's even become an extremely rare healing-type Awakener! Thus, he begins his cultivation journey in this Star Martial world, step by step becoming a powerhouse, even earning the title of 'God of Jinxes' from everyone...;https://demonicscans.org/manga/Nine-Star-Jinx
Nuclear Explosion Sword Technique, I kill one with one sword;;55;Comic Synopsis: Special Forces soldier Jin Quan is betrayed during a mission and becomes a living coordinate for missile guidance. Upon awakening, he finds himself a destitute man unconscious on the streets of Downtown, a place where the underclass gather, their people serving as cannon fodder in the mines. Faced with a life-or-death struggle, Jin Quan awakens as a Demon Swordsman, gifted with the radiation from a dirty bomb explosion in his past life. In this world, Jin Quan will battle the Chosen One.;https://demonicscans.org/manga/Nuclear-Explosion-Sword-Technique%252C-I-kill-one-with-one-sword
Office Worker in the Ice Age Apocalypse;;50;It was a midsummer day in June, and I was working as usual, dealing with the stress of my boss's habitual outbursts. A sudden status window appeared in front of me, and the word 'Zombie' caught my eye. But before I could process it, my boss's shouting rang out again. I swallowed the urge to quit on the spot and forced myself to keep working. That is... until the Ice Age suddenly arrived. - Emergency Alert: Cold Wave Warning. In an instant, eternal snow spread before my eyes, and my intern's body twisted into something grotesque... a zombie. 'What the hell is going on here?';https://demonicscans.org/manga/Office-Worker-in-the-Ice-Age-Apocalypse
One Hundred Thousand Years of Tribulation by Heavenly Thunder;;33;After transmigrating into a cultivation world, young Fang Lingxiao rises to greatness with a talent that defies the heavens. In just a hundred years, he reaches the peak--the Great Ascension Stage. But during his final tribulation, the heavens unleash something unimaginable: a lightning storm that rages not for days or months, but for a hundred thousand years. When he finally emerges from the ordeal, his cultivation is shattered--reduced to that of a mere mortal. Yet, his body, forged by countless years under divine lightning, has become indestructible. Soon, Fang Lingxiao realizes the truth--this wasn't fate. It was sabotage from a powerful figure in the Upper Realm. Now, with his cultivation lost but an unbreakable body as his weapon, he sets out on a path of vengeance. He'll uncover the traitor, climb the heavens once more, and make them all pay.;https://demonicscans.org/manga/One-Hundred-Thousand-Years-of-Tribulation-by-Heavenly-Thunder
Only I Have an EX-Grade Summon;;37;"Summons have ranks. From the lowest F-Rank to the highest S-Rank. But something is strange. ""Why is my summon EX-Rank?""";https://demonicscans.org/manga/Only-I-Have-an-EX%25252DGrade-Summon
Otr of the Flame;;34;The world is encased in winter due to the advances of the Ice Kingdom. Kind-hearted Otr, who dreams of being a warrior like his dad, has been entrusted with keeping the fires burning as a cook in the fortress. But when the fortress is attacked by the demonic army of the Ice Kingdom, the people and the flame are in danger of being snuffed out. Can Otr awaken a power that can turn the tide? A hero's journey of fire and ice now begins! (MANGA Plus);https://demonicscans.org/manga/Otr-of-the-Flame
Part-Time Grim Reaper;;53;"""I'm from the afterlife."" Lee Do-jin needs money--a lot of it--to cover his younger sibling's medical bills. With nowhere else to turn, he calls the number on a strange, ominous business card he finds by chance. At the meeting point, he encounters a silver-haired woman shrouded in mystery-- a grim reaper, known as a Chasa. She makes him an unbelievable offer: Work as a temp worker for the Underworld. His mission? To stop ""Mokdugi,"" predators that feast on souls tainted by sin, before they can drag the damned into chaos. Thrust into the supernatural world of death, debt, and spiritual battles, Do-jin must navigate his new double life-- balancing his humanity with a job that demands he walk the line between life and death.";https://demonicscans.org/manga/Part%25252DTime-Grim-Reaper
Physics Of The Wasteland;;33;In a post-apocalyptic world, some humans gained special powers. Ayato, once a low-ranking nobody, survives an assassination attempt and rises amid chaos. He teams up with a healer girl and fights off mutated beasts called Chimera. However, powered humans can no longer reproduce. To save humanity, Ayato and his allies battle the odds--and finally create a cure to restore hope for the future. More In;https://demonicscans.org/manga/Physics-Of-The-Wasteland
Player Elimination Plan! When Anomalies Descend Upon The Human World;;74;The apocalypse prophecy has come true. A dark celestial body draws near, turning the entire Blue Star into a doomsday game. All of humanity has been reduced to NPCs--helpless prey for players from beyond the stars. As the world mutates and players run rampant, despair consumes mankind... Until Yun Qi awakens a hidden class, gaining the power to strike back against the players.;https://demonicscans.org/manga/Player-Elimination-Plan%2521-When-Anomalies-Descend-Upon-The-Human-World
Player Hellish Situation;;263;Bai Zhi woke up to find he had transmigrated. Not only was there no System to help, but he'd also inexplicably gained 7 Ex-girlfriends? With an innocent look on his face, Bai Zhi raised the Club in his hand, glanced at the fearful Weird Ones surrounding him who didn't dare approach, and sighed: I knew this world was dangerous--thankfully, I'm a Shuraba Player!;https://demonicscans.org/manga/Player-Hellish-Situation
Prepaid Dragon King Tanks Everything!;;41;"You ate me, so at least give me some kind of compensation, yeah?!"" Dragon King: ""Fine! I'll give you a prepaid cultivation technique--comprehend it first, then catch up with the training later!"" Me: ""You think that's enough?! I had to smell your nasty dragon breath--mental damage times two, buddy!"" Dragon King: ""What do you want from me?!"" Me: ""From now on, we're like immortals sharing a single health bar. All the damage? You take it!"" Dragon King: ""Damn it! You lunatic! Why does my ten-thousand-war-chariots-level HP bar feel so short now?! Guess it's time to get a job...""";https://demonicscans.org/manga/Prepaid-Dragon-King-Tanks-Everything%2521
Primordial Ten Fiends: Others Tame Beasts, I Tame Beast Girls;;159;After three years of lying low, Lin Han awakened the Beast Taming System and gained ten ultra-fierce beast girls! Tearing apart enemies by day and taming beast girls by night, he was directly drained by them into becoming the pinnacle of global combat power;https://demonicscans.org/manga/Primordial-Ten-Fiends%253A-Others-Tame-Beasts%252C-I-Tame-Beast-Girls
Project Mars;;52;"As a child, he lost his family in a brutal alien attack. Now, he lives a quiet life, hiding a secret power--the ability to control black holes. But when the aliens return and attack the city, he's forced to face them again. His life is in danger... and so is the world. ""I'm sorry... but I can't die. Not after everything I've survived."" Will he keep hiding--or use his power to fight back?";https://demonicscans.org/manga/Project-Mars
Raising Villains the Right Way;;50;I, a corporate slave, ended up possessing the body of a noble inside a game, but I'm supposed to be an extra fated to be killed by the future villains? No way. I'll reform those brats and live out my noble life in peace! To stop the young villains from turning evil, I sponsored them and helped them overcome their harsh circumstances, and they all grew up to be admirable, upstanding, perfectly normal individuals as a result. And that's how I ended up becoming the final boss of the kingdom... ...Wait, what?;https://demonicscans.org/manga/Raising-Villains-the-Right-Way
Ranker Game ~BASKETBALL SHOW~;;50;PLOT UPDATING SOON;https://demonicscans.org/manga/Ranker-Game-%257EBASKETBALL-SHOW%257E
Rebirth: Monarch of the Dead;;30;After being transported to another world and becoming the most powerful necromancer, Rhode unexpectedly finds himself back in his youth. In his original world, he was the good-for-nothing young master of the Morris family-a spoiled noble in everyone's eyes. Little does anyone know that he has brought back with him the unique necromantic magic he mastered in the other world. As Rhode works to regain the full power he once possessed as a necromancer, he hides his true strength and begins turning the tables on those who underestimate him. His family, loved ones, and friends... Given a second chance at life, this time he will protect everything that matters to him and completely rewrite the fate of both himself and those he holds dear!;https://demonicscans.org/manga/Rebirth%253A-Monarch-of-the-Dead
Reborn as a Doomed Demon Lord? But I'm a Full-Strategy Streamer!;;39;The top gaming livestreamer suddenly wakes up as a powerless Demon Lord with zero combat ability! Want to unlock cheat powers? First, he has to defeat his own subordinates. But with no strength -- not even enough to beat a chicken -- how can he turn the tables and survive in this brutal world?;https://demonicscans.org/manga/Reborn-as-a-Doomed-Demon-Lord%253F-But-I%2527m-a-Full%25252DStrategy-Streamer%2521
Reborn in a Cyber Cultivation World, I Fight My Way to the Top;;33;"In the era of the ""new Divine Land,"" the old sects stand on the brink of annihilation, crushed under the heel of the cyber-enhanced New Sects. Ling Chen, a disciple of the fading Fortune Sect, witnesses his brethren and father humiliated and slaughtered in the New Sects' ruthless purge. Swearing vengeance, he clings to life... until the latent power of his sect's forbidden skills, the ""veiled skills,"" awakens within him. At death's door, Ling Chen becomes the perfect vessel for the primordial True God of Time. Reborn with the wrath of the ancients and the might of a god, he returns to the continent drenched in blood. His path is clear: Carve a new epoch from the corpses of the New Sects.";https://demonicscans.org/manga/Reborn-in-a-Cyber-Cultivation-World%252C-I-Fight-My-Way-to-the-Top
Red Shirt;;74;The legend of the killer company, Cha Si-hyuk. He decides to retire after meeting the woman he loves, but the company has no intention of letting him go easily. Eventually, everything starts to be taken away from him, and Cha Si-hyuk takes up the sword again. Revenge begins, and the war with the huge organization 'Neville' becomes unavoidable... What will be left at the end of the sword of revenge?;https://demonicscans.org/manga/Red-Shirt
Reincarnated as the Strongest Monster Eater: Revenge on the Tyrant Dragon;;55;In this world, monsters are violent and dangerous. People hunt them for safety or for materials like hides and claws, but their meat is considered disgusting and never eaten. Ignoring this common belief, an odd adventurer named Maron cooks and eats monsters. A mysterious man, who lost his companions, hometown, and family to a dragon in the past, enters a dungeon to show unmatched strength and pursue a flavorful path of revenge.;https://demonicscans.org/manga/Reincarnated-as-the-Strongest-Monster-Eater%253A-Revenge-on-the-Tyrant-Dragon
Reincarnation of the Fist King;;66;"Dan Woosung, a man who once roamed the murim relying solely on his fists, met his sudden end at the hands of the demonic faction. He then finds himself in the body of the eldest son of an affluent merchant group named Eunha. ""I don't seek freedom from debts or grudges. Debts must be repaid. Grudges must be settled."" Though his new body offered only wealth, Dan Woosung rises again, backed with vast riches and the martial prowess of his previous life. Now, he returns to the path of vengeance.";https://demonicscans.org/manga/Reincarnation-of-the-Fist-King
Reincarnation of the Martial God;;50;Betrayed and slain by those he once called allies, the legendary Martial God Seon Hwayoon is reincarnated as a prince of the Solar Palace. In his past life, he built an empire of justice, only to be murdered by his sworn brother and trusted comrades. Now reborn, he sharpens the blade of vengeance to reclaim his honor and exact revenge on those who betrayed him.. The age of reckoning begins.;https://demonicscans.org/manga/Reincarnation-of-the-Martial-God
Reincarnation of the Online Game Addict ~ I Can't Use the Overpowered Fists That Made Me the Fist King, so Now I Swing a Club for Eight Hours a Day;;33;N/A;https://demonicscans.org/manga/Reincarnation-of-the-Online-Game-Addict-%257E-I-Can%2527t-Use-the-Overpowered-Fists-That-Made-Me-the-Fist-King%252C-so-Now-I-Swing-a-Club-for-Eight-Hours-a-Day
Resurrection Boy;;30;A boy with a Resurrection Heart. Not even hundreds of deaths could kill him. Now, Jio sets his sights on the research lab that suppressed him and his friends their entire lives.;https://demonicscans.org/manga/Resurrection-Boy
Return From The Abyss;;40;"""I shall wait for you at the edge of the Abyss..."" That is what a mysterious man said to Sora Mukujima in one of his dreams. Sora lived a modest life together with his parents, until one day, that peaceful life fell apart. A massive tower appeared. His brother, a soldier, was unreachable. And monsters began to attack suddenly. When he was in a desperate situation, the man from his dream appeared before him. And when he woke up next, he was in an unfamiliar place. It was a different world called the ""Abyss"", just as the man had called it in his dream. In order to return to his original world and save his family, Sora vows to challenge the Abyss, fight, and grow stronger at all costs!";https://demonicscans.org/manga/Return-From-The-Abyss
Return of the Adopted Child in a World of Bloodline Supremacy;;51;"In a world where worth is measured by bloodline, and magic is a privilege hoarded by the nobility, hope was born in the lowest of places... When the Demons invaded, the illusion of noble supremacy shattered. Their magic--once thought absolute--proved useless against the tide of destruction. Cities fell, screams echoed across the land, and humanity stood on the brink of extinction. But within that despair... rose someone who was never meant to bow. Colin--a former slave--carved his path with nothing but his blade, rising to become the strongest swordsman the world had ever known. And in his final moments, as death closed in, fate placed a miracle in his hands... the ""Forbidden Grimoire""--a cursed tome that grants magic to anyone, even those denied it all their lives. He opened his eyes... Only to find himself five years in the past--once again a powerless boy, but now carrying memories of ruin... and power no longer out of reach. This isn't just a second chance. It's a declaration of war. This time, Colin won't repeat his mistakes. He won't stand by and watch the world crumble. He will break the rules, defy fate, and rise beyond the limits of both sword and sorcery. A blade in one hand... and magic in the other... The Magic Swordsman has been reborn. And this time... he will decide how the story ends.";https://demonicscans.org/manga/Return-of-the-Adopted-Child-in-a-World-of-Bloodline-Supremacy
Return of the Apocalypse-Class Death Knight;;85;"Damian Haxen was a man born with a talent destined to go down in history. However, he was transformed into a Death Knight by a dark mage, Archlich Dorgo, and was forced to live like a slave. By the archlich's command, he slaughtered his family with his own hands and brought ruin to every kingdom. Just as the entire world was about to fall under the archlich's control, Damian regained his consciousness, but it was already too late. Right when he was ready to give up everything, a miracle happened. Regression. Now back to the time before it all began, his goal was clear. ""This time, I'll live only for my family's happiness and future. Of course..."" He would purge all traces of the filthy dark mage and make him taste hell first!";https://demonicscans.org/manga/Return-of-the-Apocalypse%25252DClass-Death-Knight
Return of the First Patriarch: The Strongest Reincarnates into His Descendant 1000 Years Later;;54;"Gilphas Eldragon, the founding patriarch of the Eldragon family, dedicated his entire life to the pursuit of absolute strength. In search of eternal combat, he consumed a legendary fruit rumored to grant immortality under the protection of the divine dragon. Yet the rumor was false--Gilphas aged, and in the end, passed away in his son's arms. Or so it seemed. When he next opened his eyes, Gilphas found himself reborn a thousand years later as Zeke Eldragon, heir to his own bloodline. But the world had changed: the Eldragon clan now thrived under a ruthless creed of survival of the fittest, and a new threat known as the ""Chaos"" loomed over humanity. Faced with an unfamiliar era and even greater enemies, the ancient warrior feels only exhilaration. For Gilphas--now Zeke--this is the chance he longed for: ""This time, I will witness the true end of martial strength!""";https://demonicscans.org/manga/Return-of-the-First-Patriarch%253A-The-Strongest-Reincarnates-into-His-Descendant-1000-Years-Later
Return of the Immortal Monk;;90;"""He eats poison instead of food three times a day... and still won't die?"" An immortal monk who couldn't die no matter how hard he tried -- finally meets his end... or so he thought. Reborn as a third-rate bodyguard in a brothel in Shandong, he finds that his powerful martial arts still lie dormant within him. Amidst chaos in the martial world, political strife for the throne, and enemies from his past life returning -- Cheongpung must fight once again to reclaim his power. Will he be able to reclaim his martial arts from his immortal monk days -- and finally reach Nirvana? The legend of the immortal monk begins anew!";https://demonicscans.org/manga/Return-of-the-Immortal-Monk
Returning Student;;53;Im Cheol, who was a legend in middle school, returns to school to seek revenge after learning that his friend Kim Sol, committed suicide due to school violence. However, his revenge is disrupted when Seo Ha-Yoon, who was like an older sister to him in the orphanage, is assigned to the same school as his teacher.;https://demonicscans.org/manga/Returning-Student
Revenge of the Unrivaled Streamer;;31;"In a modern world where there are doors that lead to ""dungeons"" and ""Awakened People"" fight to conquer them, the powerless protagonist, Akagi Enma, supports his awakened sister Ayumi who streams her dungeon raids. One day, the siblings are attacked by unknown assailants. When Enma regains his consciousness, the first thing he sees is Ayumi's lifeless body, brutally murdered... Seething with rage and a thirst for revenge, a mysterious demon called Vox suddenly appears before him. Determined to do whatever it takes to get revenge, Enma makes a contract with Vox and obtains a unique ability: ""the more he is flamed, the stronger he becomes."" In order to hunt down the man who killed his sister, Enma makes a name for himself as a ""cancel-worthy"" streamer by dealing with the evil the law cannot touch and runs rampant that is found in the dungeons.";https://demonicscans.org/manga/Revenge-of-the-Unrivaled-Streamer
Revenge of the wrongly accused;;54;"Gaku Tojo was cast into the depths of hell for a crime he didn't commit. Branded a murderer for a crime he had no part in, he was thrown behind bars. Even his parents, who fought tirelessly to prove his innocence, were murdered in a cold-blooded scheme orchestrated by the mastermind behind it all. On the brink of despair, he embraced a ""madness"" born of survival. Unfazed by the brutal torment within the prison walls, he retaliated with ruthless precision. His cold-blooded courage eventually transformed him into a figure feared by every inmate. --And then, he breaks free. After a life-or-death prison break, Gaku begins to uncover the truth behind his parents' deaths and the full extent of the frame-up that ruined his life. Who was the real killer behind that case? Will Gaku Tojo sacrifice everything to finally have his revenge...?!";https://demonicscans.org/manga/Revenge-of-the-wrongly-accused
Rise of the Devourer;;51;Noah Brown has a gift for fighting. Unfortunately, punching things doesn't pay his bills. At least, that was the case until he dies and an Eldritch god finds his soul. The strange encounter brings him to a new world, summoned by bloody cultists. He's got nothing but the shirt on his back and a strange item of unknown power he isn't yet sure how to use. If he wants to survive, maybe even thrive, perhaps it's time he finally put his gift to good use. Art by Kisai Entertainment.;https://demonicscans.org/manga/Rise-of-the-Devourer
Rise of the Sect Master;;90;Bai Yu wakes up to find that he has transmigrated and become the head of the Baiyu Sect. He soon discovers that any items he gifts to his disciple will be returned to him by the system in a hundredfold, thousandfold, and even more. With the help of this system, Bai Yu gradually earns the respect of those who once looked down on him.;https://demonicscans.org/manga/Rise-of-the-Sect-Master
S-Class Butler;;52;"Butler Kim is the raid leader of the VR game Metariaand in real life the guardian of two cats. One day, a mysterious boss forces him into the unwanted Butler class, where he must serve monsters and do menial chores. Just as he begins adjusting to this strange new role, an unbelievable truth is revealed: ""A cat... logged into the game?!"" His beloved pet Peechu has entered Metaria. But Peechu is not just Peechu. The ""Master"" who reclassified Butler Kim and has been giving him orders is actually Kalinas, the Incarnation of Darkness, now trapped inside the cat's body. With the world's balance at stake, Butler Kim is tasked with carrying out Kalinas's dark mission. Yet instead of worrying about the will of darkness, is he simply happy to adventure through a fantasy world with Peechu?";https://demonicscans.org/manga/S%25252DClass-Butler
S-Class Hunter Heals with Monsters;;52;"For decades, I was a mindless Chimera Hunter--a weapon forged and discarded. But after dying in the depths of a monster-infested gate, I woke up... human. Now, as Cheon Dowoon, I just wanted peace--a quiet life, a warm cup of tea, and zero demonic nonsense. Too bad fate had other plans. First, a lost hellhound dug up my garden. Then, a snarky shadow beast started napping on my porch. Worst of all? My old ""acquaintances"" keep showing up--some begging for help, others... for my head. Revenge? Survival? Please. I just want to put on pants first. --A former killing machine's ""relaxing"" second life begins... in a front yard that's basically monster daycare.";https://demonicscans.org/manga/S%25252DClass-Hunter-Heals-with-Monsters
Sandmancer of the Scorched Desert;;30;"[By the Author that brought you Legend of the Northern Blade and Reaper of the Drifting Moon!] ""My name is Zeon. My weapon is the entire desert."" Earth was forcefully terraformed. The oceans evaporated, and the land turned to sand. Zeon is the only sand mage left on this desertified Earth. The world calls him the ""Sand Wraith.""";https://demonicscans.org/manga/Sandmancer-of-the-Scorched-Desert
Secret Family;;75;A 17-year-old named Kang Geon transfers to an elite high school attended only by the top 0.1% of South Korea.Trained since the age of five in North Korea as a human weapon and a genius secret agent, he's given a mission to infiltrate South Korea's high society and build connections.But making friends turns out to be the bigger challenge.Living under the guise of a family with his father, a hacker watched by nations, and his mother a legendary assassin, he navigates a spy-action drama in search of true happiness.;https://demonicscans.org/manga/Secret-Family
Sha-MONEY-ism;;56;"""True first-class shamans play in Yeouido."" In Korea's financial district of Yeouido, investment firms rake in billions by employing real shamans who can foresee stock movements. These firms have become the stage for elite spiritual power brokers. Chun Ji-seung, a poor boy, is scouted as a shaman who can curse stock prices using dark rituals. His unique ability propels him into the cutthroat world of high finance, where money and mysticism collide. This is the story of his rise through the bizarre world of corporate exorcism and stock market sorcery.";https://demonicscans.org/manga/Sha%25252DMONEY%25252Dism
Sisters-in-law, I'm Really Not Stupid Anymore;;45;After pretending to be a stupid for five years, I struck back and annihilated my enemies, rising to the peak! Now that the truth is revealed, it's my turn to protect all of you for the rest of your lives!My entire family of ten was slaughtered, and now seven stunning women insist on marrying me?;https://demonicscans.org/manga/Sisters%25252Din%25252Dlaw%252C-I%2527m-Really-Not-Stupid-Anymore
So, Did Someone Force You to Become the Heavenly Demon;;56;A ninth-grade civil servant, Seo Jihoon, only ever wished for a long, quiet, and peaceful life. But after being fatally stabbed by a violent petitioner, the place where he opened his eyes again was none other than a martial world where martial arts truly existed. Even there, he only wanted to live quietly… Until he encountered the one man he should never have crossed paths with. “Choose. Die here, or become my disciple.” An old man who pressed a blade to his throat without warning. His true identity, the cult leader of the Heavenly Demon Sect. Thinking survival comes first before anything else, Seo Jihoon had no choice but to become part of the Heavenly Demon. Once a capable public servant, he grew into an unrivaled talent within the sect, armed with powerful martial arts and sharp intellect. But why does the work keep piling up? Why does he keep getting promoted?! His original goal was simply a peaceful life, yet somehow, his second life is racing down the path of the Heavenly Demon. Will he ever be able to find the life he truly desires in this world?;https://demonicscans.org/manga/So%252C-Did-Someone-Force-You-to-Become-the-Heavenly-Demon
Spirit Realm Wanderer;;60;"Since time immemorial, it has been said that there exists a Spirit Realm. Throughout the dynasties, renowned scholars and literati have spoken of it in various ways, and a poem records: ""From Qi to Tang, this mountain grew desolate, the Spirit Realm lay silent, seldom visited by man. The Spirit Realm cannot be described, its ghostly craftsmanship is hard to seek.""";https://demonicscans.org/manga/Spirit-Realm-Wanderer
Starting With 13 Hidden Traits;;45;In a world where the game and reality are becoming one, this is the story of a man who starts with 13 hidden traits.;https://demonicscans.org/manga/Starting-With-13-Hidden-Traits
Stella, the Princess Who Will Never Die;;41;Princess Stella, the princess of the Hill Valley Kingdom, who lost her father, the king, is in the middle of a battle for succession. After receiving a will that leaves the throne and most of the king's fortune to Stella, her sister-in-law Ishjia plots to assassinate Stella. However, every attempt to assassinate Stella ends in failure. Ishjia finds this puzzling, but then she notices something strange happening to Stella's body... (Source: Natalie, translated);https://demonicscans.org/manga/Stella%252C-the-Princess-Who-Will-Never-Die
Super Hero: Black Friday;;31;"The only superhuman with overwhelming power, ""Friday,"" has appeared! Because of this single hero, Earth now teeters on the brink of apocalypse. In the end, will it be Friday who destroys humanity-- or will humanity's own dark nature bring about its downfall?";https://demonicscans.org/manga/Super-Hero%253A-Black-Friday
Super Magic Academy's SS Rank Freshman;;30;An admission letter without a senders name forced Xiao Lin into a mysterious school called Dawn Academy. Here, learning to perceive elements and mastering swordsmanship are the basics, while concocting lethal or life-saving potions is a required course. As for the real core curriculum, it's far stranger than he ever imagined..;https://demonicscans.org/manga/Super-Magic-Academy%255C%2527s-SS-Rank-Freshman
Supreme Academy Genius;;109;Shuichi was born in modern society as an ordinary high school student. After losing his father, he struggled desperately to protect his mother and sister, but was brutally bullied at school and even lost his life in an unexpected accident. However, when he woke up, he found himself reborn as Lucas Ryan, a noble boy from another world! It seems that Lucas once incurred the wrath of the magic god and died without being granted magic. Shuichi's soul resides in Lucas's body, and at the same time, he receives the blessing of Mars, the god of war! However, in this world, magicians are revered and martial artists are looked down upon. Reborn as Lucas, he would rather not live a life of despise by those around him--that's the last thing he wanted! Shuichi will master martial arts as Lucas and seize glory with his fists.;https://demonicscans.org/manga/Supreme-Academy-Genius
Surviving the Inverted World with Omnipotent Skills;;33;The world's most popular game, AZURE LAND, suddenly ends its service. Soon after, monsters from the game begin appearing in the real world, blurring the line between reality and virtual reality. Shizuya Kakitsubata, the game's top commander, is caught in the chaos and must now fight to survive. Humanity, once the hunters, have become the hunted--and their survival is uncertain in this new, deadly reality;https://demonicscans.org/manga/Surviving-the-Inverted-World-with-Omnipotent-Skills
Sword-Devouring Swordmaster;;43;"Arhan Karavan lost everything he had to a swordmaster without even knowing why. Amidst the death-like despair, Arhan only had one way to get revenge... ""Devour swords and make the power that lies within yours."" ...thus began his tale of vengeance. The forgotten family name ""Karavan"" will resound once more.";https://demonicscans.org/manga/Sword%25252DDevouring-Swordmaster
The 100 Curses of House Illeston;;46;"As if being reincarnated into a generic fantasy webtoon wasn't enough, I have to be the 'Necromancer' who is sacrificed for the protagonist... Since it has come to this, it can't be helped. Even if I can't become a rich noble lady from a romance fantasy, I want to at least protect my life and live comfortably. Let's go to that place, the one full of curses and ghost stories. To the mansion of the villain, Archduke Illestone! ""I will break the curse on this mansion for you. In return, please raise me.""";https://demonicscans.org/manga/The-100-Curses-of-House-Illeston
The Absolute's Modern Life;;36;"The hunter ""Choi Kang-ho,"" once called a TR5 hero, loses his precious partner at the end of the Great War. After his partner's death, an egg is left behind in their place. Carrying that egg carefully, he disappears from the eyes of the world. Exactly 30 years later, at January 1st, 00:00, ""Seol-a"" is born from his partner's egg. And once again, ominous signs begin to appear. To protect the peace and raise Seol-a well, the Absolute of Cheorwon begins his modern life.";https://demonicscans.org/manga/The-Absolute%255C%2527s-Modern-Life
The Abyssal Game Architect;;30;N/A;https://demonicscans.org/manga/The-Abyssal-Game-Architect
The Almighty Trap Master;;47;"A world that suddenly transforms into a dungeon-- Tsukasa Ninomiya, a young man aspiring to become a Hunter, awakens to an S-rank job within the dungeon: ""Trap Master,"" a class that dominates all traps. Those who control traps are virtually invincible inside a dungeon. Using his abilities, Ninomiya seizes complete control of the terrain, annihilating monsters through devastating chains of traps--flames, massive boulders, chainsaws, and more. ""I'll set it for you. A death trap straight to hell--Death Trap!"" An over-the-top, exhilarating, one-man domination battle action story begins as he charges toward becoming the strongest in the world!";https://demonicscans.org/manga/The-Almighty-Trap-Master
The Art Student Who Lived Twice;;63;"Lee Jae-ha dreamed of becoming a successful designer-- but just as things were looking up, he was falsely accused of plagiarism and his world came crashing down. ""If only I could start over... like in those web novels..."" And in the blink of an eye, he does. He opens his eyes and finds himself 10 years in the past, back in art school, with all his memories and work experience from the future intact. Now armed with both a second chance and real-world wisdom, Jae-ha is determined to do it all differently: Build a name for himself on campus Land a job before anyone else And most importantly, clear his name once and for all No more regrets. No more failures. This time, he'll paint his own masterpiece of a life.";https://demonicscans.org/manga/The-Art-Student-Who-Lived-Twice
The Back-Alley Mage's Return;;46;"""One day, a wyvern flew overhead. The moment I saw it, I decided to retire."" Aster, once a notorious troublemaker from the slums, clawed his way into the esteemed mage family--House Declan. But craving freedom, he fled... only to be hunted down and killed. When he opens his eyes again, he's back in the slums, caught in the hazy border between life and death. ""This time, I'm going to build a library--no, a tower! Just like my old comrades dreamed of."" ""And for good measure, I'll display the Declan family's secret spellbook right on the first floor.""";https://demonicscans.org/manga/The-Back%25252DAlley-Mage%2527s-Return
The Berserker's Second Playthrough;;38;The protagonist, having possessed a berserker character within the game, has finally slain the Great Demon and cleared the ending after many events. He believed that was the end. However, before his eyes was not an exit to the real world but a [New Game+] button to start another run.;https://demonicscans.org/manga/The-Berserker%255C%2527s-Second-Playthrough
The Black-Haired U.S. Army General;;48;In 1911, the first Korean cadet enrolled at the United States Military Academy;https://demonicscans.org/manga/The-Black%25252DHaired-U.S.-Army-General
The Bottom-Feeder Scavenger's Revenge;;50;After the death of his sister, Low, who had always been known as a hanger-on, becomes an explorer to investigate the circumstances surrounding her death. When he nearly loses his life in a dungeon, he acquires a mysterious ability to dismantle (disassemble) the corpses of monsters, supplies, and even skills. By breaking down various things, Low grows stronger. Gradually, the mystery behind his sister's death also begins to unravel...;https://demonicscans.org/manga/The-Bottom%25252DFeeder-Scavenger%2527s-Revenge
The Brilliant Healer's New Life in the Shadows (MangaToon);;34;Born a poor man in the slums, Zenos never had opportunities in life, so he decides to forge his own opportunities by teaching himself the curative arts after a chance encounter with a healer. When an adventuring party led by a man named Aston extends him an invitation, Zenos is elated -- only to then be treated like dirt by his teammates. Despite Zenos's diligent efforts to hone his skills to nothing short of perfection, the party deems him useless and kicks him out. Bereft of money and options, Zenos starts an illegal clinic and becomes a shadow healer. Word of his healing genius spreads quickly throughout the city's underbelly, and as his reputation grows among the dregs of society, knowledge of Zenos's esteem reaches the wrong ears.;https://demonicscans.org/manga/The-Brilliant-Healer%2527s-New-Life-in-the-Shadows-%2528MangaToon%2529
The Chairman of Pharmaceutical Company is a Poison King;;32;300 years later... On an Earth shrouded in mana. I was a 'Mana Rejector'--someone for whom that very mana was a deadly poison. Then one day, as I was waiting for death, unable to even Awaken...I connected with an identical soul from another dimension. The soul of the Absolute Ruler of the Murim... The Absolute Poison Demon, Dang Gunak;https://demonicscans.org/manga/The-Chairman-of-Pharmaceutical-Company-is-a-Poison-King
The Chosen SSS-Rank;;39;"On October 31st, 2024, the Great Cataclysmhappned. Ever since, the world has turned into a hell swarming with grotesque monsters. The only ones capable of fighting back were the Chosen Ones, those who possess superhuman powers. K, an S-Rank Chosen One, fought life-and-death battles against the monsters as a dog hired by the organization. However, in one such battle, he loses his life... But when K, who was supposed to be dead, awakens, he finds himself in the body of a baby. What's more, time has rewound to the year 2020! Somehow, he had been reincarnated 4 years before the ""Great Cataclysm"" occurred! To stop the impending doom, K once again confronts his destiny!";https://demonicscans.org/manga/The-Chosen-SSS%25252DRank
The Clan's Failure Was Once the Continent's Strongest;;47;"""Is this... hell?"" Bakuto Yaemori, once called the strongest on the continent, is suddenly betrayed by his comrades and dies filled with regret. When he opens his eyes again, he sees people staring at him with puzzled expressions. Bakuto Yaemori has been reborn as a university student from a prestigious family. However, this new Bakuto has a weak body and is ostracized by his clan--even bullied by his classmates. With the pride of being ""the strongest in his previous life"" burning in his chest, Bakuto begins training once more. He vows revenge against those who betrayed him and resolves to reclaim his position as the strongest. But troubles keep piling up around him one after another... Thus begins an exhilarating revenge story of the strongest warrior possessing the weakest body! Genre: Reincarnation fantasy, Revenge, Weak-to-strong progression, Academy setting";https://demonicscans.org/manga/The-Clan%255C%2527s-Failure-Was-Once-the-Continent%255C%2527s-Strongest
The Cloud Dream of the Nine - Zero;;48;What if The Dream of Nine Clouds was just the title--and nothing more? 20-year-old Yang Soyu is an ordinary Korean man... until the day he's summoned to another world. No status windows, no cheat skills--just guts, grit, and a world full of dragons. With nothing but his will to survive, Soyu rises through the chaos and hunts down a dragon. But when he finally returns to Earth, nothing is quite the same. This isn't the world he left behind-- This is just the beginning of a modern action-fantasy with zero limits;https://demonicscans.org/manga/The-Cloud-Dream-of-the-Nine-%25252D-Zero
The Cold-Blooded Warrior;;68;"Han Jaewoo is a sweat in the world-famous game ""Savior Of Humanity."" Once a hardcore player, now drowning in debt in his tiny room. His long-awaited showdown with a demon lord ends in an unexpected failure. The debt collectors are closing in... and all that's left to him are despair and stubborn grit. That's when Aquila, the administrator, appears with an offer: ""Don't you want to see it? The true happy ending of this game..."" With a prize of 25 million dollars on the line, and the path to the true ending finally revealed, he accepts it. However, there's a catch: He's thrown back into the game world with all his stats reduced to rock bottom. ""Thanks for the ""realism,"" Aquilla... Screw it. I'm clearing this damn thing!""";https://demonicscans.org/manga/The-Cold%25252DBlooded-Warrior
The Concept-Grasping Magical Genius;;61;Pauline became a mother figure to Rowan, who had lost everything. After Pauline left, Rowan grieved her and awakened to a power called 'Mana'. What's more, Rowan could even see the Mana of other people! Through mana, even though he's apart from Pauline, he can always feel like she's with him... One day, Rowan encounters a shocking sight of Pauline, who he believed had left for a noble family.;https://demonicscans.org/manga/The-Concept%25252DGrasping-Magical-Genius
The Dan Family's Good-For-Nothing Is Too Strong;;44;Ju Hong-mun, a low-ranking warrior who secretly learned the secret martial arts techniques of the Dan family. However, he crumbles helplessly before the Black Flame Cult's attack, and ultimately meets his death while lamenting his lowly status. ...But when he opens his eyes?;https://demonicscans.org/manga/The-Dan-Family%255C%2527s-Good%25252DFor%25252DNothing-Is-Too-Strong
The Dark Mage ~ I am the Only Transcendant Mage who Regressed with Cheat Skills;;60;suddenly appeared around the world, resulting in the awakening of humans. Those who possess skills are called [Colored], meanwhile those who are excellent are granted the title of . Kurosaki Rei, who has no skills, is discriminated and called . Compared to him, his brother who is recognized as the . Regardless, Rei couldn't give up his dream to become a . 10 years after the first appearance of the the , a powerful entity emerged and threatened to destroy the whole world. The entity is known as the . Against the overwhelming power of the god, Rei had awakened a skill called , and then stole the power of the god....! Using this new power, he gained the power to fight against the time itself and flew into the past to start over everything.;https://demonicscans.org/manga/The-Dark-Mage-%257E-I-am-the-Only-Transcendant-Mage-who-Regressed-with-Cheat-Skills
The Dark Swordsman Returns;;62;"On a battlefield at the brink of annihilation, unknown soldier Gray Lee had his chest pierced through--and he awaited death. Only humanity's strongest heroes--the Sword Saint, the Divine Archer, the Great Sage, and the Ultimate Shield--stood a chance against the ""Liquidator,"" a deadly enemy capable of burning down an entire continent in a single day. Yet even those heroes fell, one by one, until all hope was lost... ...At least, that's what it should've been. ""I got pierced through the heart, but I'm still alive?"" Gray did not die. Instead, he was guided by Chronos, the Master of Time. He was bestowed an unknown power, and with it he delivered a powerful blow to the Liquidator, shaking the threads of fate itself. But just as a chance of victory appeared, another beam of light struck, Gray's body reducing to nothing... ...and Chronos's voice thundered, ""I shall send you to the past. Save this world."" The next thing Gray knew, he woke up in his hometown, which should long have been destroyed. It was the place he started his life of a loser--and was now the stage for his second chance. ""This time, I will survive!"" With the power to transcend time and his memories of the future, Gray sets out to become a warrior even stronger than the heroes.";https://demonicscans.org/manga/The-Dark-Swordsman-Returns
The Demonic Cult Instructor Returns;;64;The Central Plains fell to the invasion of the Demon Realm. A martial artist, Sa Bigang, was ultimately dragged into that infernal world. After surviving the brink of death and enduring hell itself, he awakens ten years before the invasion ever began. And now, Sa Bigang sets out to stop the Demon Realm's return. To do that, he must restore order to the murim and build the ultimate force: the Undefeatable Corps. As the man who will rewrite the past and safeguard the future... This time, he will never lose.;https://demonicscans.org/manga/The-Demonic-Cult-Instructor-Returns
The Detective's Demonic Chronicles;;31;"A bizarre case of sudden death shakes the city of Tendoku. All signs point to a mysterious drug known as ""Faust."" As detective Subaru Shizuhara and officer Sumire Natsuno delve deeper into the investigation, they uncover a terrifying truth: everything is part of a ritual to summon a demon into this world. But then, Sumire realizes something even more horrifying-- a demon is hiding... inside Subaru.";https://demonicscans.org/manga/The-Detective%2527s-Demonic-Chronicles
The Devil's Advocate: Hell's Ruthless Prosecutor;;42;"Isaku Honjo is a cold-hearted prosecutor who will fabricate evidence if that is what it takes to see criminals punished. One day, he dies in an unexpected accident together with his wife and daughter and falls into Hell. There, a ""Millennial Festival"" held by demons is underway. The demon Bune singles Isaku out as a candidate to serve as his ""devil's proxy"" and offers him a contract: if he participates in the festival and obtains the legendary Ring of Solomon, any wish will be granted--he and even his family can be brought back to life. Forming the contract, Isaku throws himself into the Millennial Festival as Bune's agent, wielding the sword of judgment against demons themselves. Will he succeed in claiming the Ring of Solomon? A top-tier dark fantasy about a star prosecutor who now passes sentence on devils in the depths of Hell.";https://demonicscans.org/manga/The-Devil%2527s-Advocate%253A-Hell%2527s-Ruthless-Prosecutor
The Eldest Son of the Marquis House is a Martial Artist;;40;In a fantasy world in a novel, I am the only one using martial arts.;https://demonicscans.org/manga/The-Eldest-Son-of-the-Marquis-House-is-a-Martial-Artist
The Eternal Support Mage Becomes the Strongest Sage;;49;"Thor, a former hero's party member, teaches unpopular support magic at a magic university--until saving a student gets him fired. With nowhere else to go, he follows that very student, Reina, to the empire next door, where a princess hires him as a court magician.Though he underestimates himself, Thor's support magic is actually extraordinary, and his former students are already achieving greatness worldwide. Determined to at least look cool in front of them, the ""useless"" teacher begins his new life, unwittingly as the strongest sage.";https://demonicscans.org/manga/The-Eternal-Support-Mage-Becomes-the-Strongest-Sage
The Eunuch's Second Life;;50;"""Jang Jinmyeong"", a martial arts master who mastered the forbidden technique ""Gyuhwa Bojeon"", reached the peak of power--only to be branded a traitor and thrown off a cliff. Just before his death, he realizes two grave mistakes: He gained immense power through Gyuhwa Bojeon at the cost of losing his manhood. He failed to eliminate the vile traitors Wang Jin and Seop Pyeong when he had the chance. But instead of dying, Jinmyeong awakens in a mysterious realm, where he encounters the original copy of Gyuhwa Bojeon , and is sent 32 years back in time--right before he lost his manhood. Now, with his body intact and the power of Gyuhwa Bojeon still coursing through him, Jinmyeong embarks on a new path. This time, he will correct the regrets of his past life... and seek vengeance against Wang Jin and Seop Pyeong, the men who betrayed him.";https://demonicscans.org/manga/The-Eunuch%2527s-Second-Life
The Fake Master Who Accidentally Became the Strongest;;46;"One day, I was involved in a traffic accident, and when I woke up, I had been reincarnated as a genius teacher at a magic academy named Chris. But whether it was a trick of the gods or fate, this person had a major flaw. In this world where every living being except monsters can use magic, she was an ""illegal player""--someone completely unable to use magic. There was only one way to avoid being deemed a monster and executed: I had to fully play the role of a ""lazy but secretly talented teacher"" and keep fooling the gifted students around me. However, maybe I played the role too well... ""I'll follow you forever, Sensei!"" ""I swear my loyalty to Chris Daughton!"" Even though I'm just an ordinary reincarnated person with no magic, I somehow ended up with a bunch of overly enthusiastic disciples, and now things are even more complicated... Ah, maintaining a character persona is truly hard.";https://demonicscans.org/manga/The-Fake-Master-Who-Accidentally-Became-the-Strongest
The Former Mercenary's Life As A Prosecutor;;44;"The ones who took away my entire life, they will pay for it."" To uncover the secret behind his mother's death, legendary mercenary Lee Jeong-hwan returns as a prosecutor. His revenge begins against those who took his mother's life and trampled on his once-ordinary existence. Threats that stand in his way will be dealt with by force, and those who deserve judgment will be dealt by the law.";https://demonicscans.org/manga/The-Former-Mercenary%255C%2527s-Life-As-A-Prosecutor
The Former Strongest Hero Lives as a Side Character;;44;"Blanc, the most powerful Grade-0 Adventurer, known across the world as the Black Emperor. After slaying the Black Dragon that plunged the world into despair, he became a legendary hero. And then, he made a shocking declaration: ""I'm retiring from being a Grade-0 Adventurer."" Now walking a new path, Blanc--once hailed as the strongest--takes on humble odd jobs as he begins a quiet journey of self-discovery. From Miku, the creator of ""The Fruit of Evolution"", comes a bold new fantasy brought to life on an epic scale!";https://demonicscans.org/manga/The-Former-Strongest-Hero-Lives-as-a-Side-Character
The Fortune-Making Crafter: Unrivaled in Business with an Unfavored Class;;30;"In a world where people enter dungeons dreaming of getting rich overnight, Souma spends his days passionately crafting items despite having the unlucky job class of ""Crafter."" But one day, his younger sister suddenly turns into a monster. To restore her to normal, they somehow need 100 million gold. Hunt, craft, and sell. A thrilling dungeon battle story begins.";https://demonicscans.org/manga/The-Fortune%25252DMaking-Crafter%253A-Unrivaled-in-Business-with-an-Unfavored-Class
The Fox-Eyed Villain of the Demon Academy;;60;"The very last moment before the novel was about the end... The strongest villain met a pitiful fate. But that wasn't the end. ""So, this is how I die."" I, who was once the author, woke up as the fox-eyed villian who was never once understood. A fallen family. A life thrown away for revenge. A future sealed in tragedy. I'm going to rewrite it all. This villain's end... will be reversed.";https://demonicscans.org/manga/The-Fox%25252DEyed-Villain-of-the-Demon-Academy
The General - Fighting Legend;;110;"Kwon, known as the ""martial god who guards Goryeo,"" wasn't always a legendary general. His story begins in childhood, alongside his older brother Jeong. The two are sons of Manjeok, once the strongest martial artist in Goryeo and a slave. When Manjeok launches a slave-liberation uprising and fails, he is executed, and Jeong and Kwon find their lives constantly under threat. While hiding to survive and training in their father's martial arts, the brothers are attacked by masters; Jeong is killed, and Kwon barely escapes with his life. Fleeing, he loses consciousness--and wakes up in a brutal Song-dynasty fighting arena, not a mere ring but an entire region where only the strong survive. There, Kwon resolves to grow stronger for the sake of revenge, vowing to become the mightiest of all and return to kill the one who took his brother's life. LATEST MANGA RELEASES";https://demonicscans.org/manga/The-General-%25252D-Fighting-Legend
The Genius Assassin's Second Life Begins at the Academy;;56;Van, feared as the strongest assassin in a world ruled by magicians, earned his title without ever wielding magic. Relying on unmatched combat skill and vast knowledge of sorcery, he fought in the shadows to secure the throne for his best friend--the prince. His true goal was to protect his own persecuted people, the only race born without magic. But at the end of the brutal succession war, Van's loyalty was betrayed. His closest friend murdered his family and left him for dead. When Van opened his eyes again, he found himself ten years in the past. Granted a second chance, he refuses to walk the same path. This time, his decision is clear: he will rise to the very top of the magic academy--without magic. Thus begins the tale of the world's greatest assassin, rewriting destiny from the shadows of the classroom.;https://demonicscans.org/manga/The-Genius-Assassin%2527s-Second-Life-Begins-at-the-Academy
The Glutton;;45;The human world was destroyed by the demon lords. Having lost everything, the awakened warrior Si Chen chooses to launch a desperate, final attack sacrificing himself in order to take down the demon lord of gluttony, Lan Yue. But when he wakes up again, he finds himself transported ten years into the past, before any of this happened. Realizing that his powers have awakened earlier, he decides he must act early. With his return, everything else in the world seems to have changed as well;https://demonicscans.org/manga/The-Glutton
The God of Ad-Libs;;32;Thirty-year-old unemployed Lee Tae-gyu. At some point, he began living a numb, lethargic life, entirely cut off from his own emotions. While struggling to escape his meaningless daily life, a fateful encounter with an enigmatic old man blesses him with the power of the phantom flame--the ability to 'copy' the feelings of those around him;https://demonicscans.org/manga/The-God-of-Ad%25252DLibs
The God's Contract in the Virtual World;;41;"In 2035, with AI technology at its peak, unemployment has soared to 40%. Out of this chaos, a virtual game for the elite was born--""GOLDGAME."" In this deadly game, players gamble their lives, but the prize is unimaginable wealth and a chance to turn their fate around. Chen Mo, an unemployed AI researcher, dives into the game to find his missing sister. Time and again, he survives the brutal trials of this merciless game, transforming from a mere player into a god.";https://demonicscans.org/manga/The-God%2527s-Contract-in-the-Virtual-World
The Great Sword Hero The Scrap Loved by God;;44;"Read Manhwa / MangaToon The Great Sword Hero: The Scrap Loved by God / The Sword-Forging Great Hero: The Scrap Favored by the Kings / The Great Hero of the Genesis Sword ~Trash Beloved by King~ / The Great Sword Hero: The Scrap Loved by King / ?????????????????? In a world where ""Hunters"" conquer ""Ruins"" that appeared from another realm, seeking treasures within... Kurogane Touma, a dropout and failure, risks his life challenging an ultra-high difficulty dungeon to save his sister, who suffers from a terrible illness. What awaits him there is an encounter with the strongest sword--and ""Aion,"" a supernatural entity that devours love. The battle to save his sister and the world begins!";https://demonicscans.org/manga/The-Great-Sword-Hero-The-Scrap-Loved-by-God
The Guild's Strongest Receptionist;;69;"In the modern age where dungeons have appeared... In a world where everything is decided by a player's blessing, Iijima Joji surprisingly gets the lowest aptitude of a G-rank Blessing. He had a terrible start as a player, being forced into debt by his friends and ridiculed for his incompetence. However, by chance, he was forced to participate in an unending tutorial... XX years have passed. He reached level 9999, but the endlessly repeating tutorial was about to break him. -- and then his level increased. When he reached the other side of the countdown, the world was bugged, and he went back in time to the moment he woke up as a player, and he had to start his life over again at an extraordinary level. ""Who is he? Why is such a monster working as a guild receptionist?"" When he swings his arm, buildings disappear. When he casts magic, disasters occur.";https://demonicscans.org/manga/The-Guild%2527s-Strongest-Receptionist
The Heavenly Demon Cult's Strongest Maid;;37;I was just an ordinary office worker... until I woke up as Shin Seol-ha, a lowly maid inside a martial arts novel. To support the grandmother who raised her, Seol-ha entered the dreaded Demonic Cult as a servant, surviving a grueling five-year contract. Finally, with just two months left until her freedom, her plans are completely shattered. Of all people, she is reassigned as the personal maid to Jeok Igeon, a man utterly infamous for his cruelty. While keeping her head down to survive, Seol-ha accidentally discovers a hidden, monstrous talent for martial arts, with Igeon's help. To make matters worse, she suddenly has the attention of the entire Demonic Cult, culminating in an offer to become the Heavenly Demon's personal disciple! Wait, why is everyone suddenly so obsessed with me?! Seol-ha just wants to escape the Cult, but Jeok Igeon refuses to let her go. Just where will this increasingly tangled relationship end?;https://demonicscans.org/manga/The-Heavenly-Demon-Cult%2527s-Strongest-Maid
The Hero Starts Over at the Academy;;60;"Misato Kyoichiro, the leader of the strongest group of adventurers, the ""Golden Seekers,"" was betrayed by his comrades and left to die. ""I won't just die like this!!"" In his final moments, he activated a reincarnation spell. Kyoichiro successfully reincarnated twenty years later as a student named Asai Kyosuke, a wielder of the ""Void"" attribute. ""Void"" is an attribute mocked for being ""attributeless,"" but Kyoichiro knew the truth of this attribute, thanks to the ""Time"" attribute he had in his previous life. The ""Void"" attribute has the potential to surpass the ""Time"" attribute, which was seen as the strongest in his lifetime. Thus, reborn as Asai Kyosuke, he returns to the Adventurer Academy, determined to purge all evil from society; all to get revenge on his former comrades, who betrayed him out of greed. And... ""Asai Kyosuke, I won't let anyone look down on you ever again."" ...to reach the peak of strength, something he could not achieve in his previous life.";https://demonicscans.org/manga/The-Hero-Starts-Over-at-the-Academy
The Hunter Lives In A rented Apartment;;38;Ten years ago, on the day of the first Great Rift, Jiho lost his father, who was a brave firefighter. Ever since, he has dedicated himself to becoming a Hunter, training constantly for the Hunter Association Exam. One day, in the midst of his training, a sudden rift outbreak engulfs him--and Jiho's life turned upside down.;https://demonicscans.org/manga/The-Hunter-Lives-In-A-rented-Apartment
The Immortal Genius Spearman;;30;"""In this life, I'll be the one who rules the battlefield."" Damian, a centurion in the Baroque Kingdom's punishment unit, dies nameless on some forgotten front at the age of thirty, regretting only one thing: ""Damn it... If I'd just had one more chance, I really would've ruled the battlefield with these guys."" When he opens his eyes again, he's gone back seventeen years--this time with a perfectly intact mana core that actually lets him learn magic. This time, he swears, he won't be swept along by an age of endless war. He'll climb higher than anyone and become the one who dominates it. Reborn in the past, Damian raises his spear toward the world and begins carving out the future he couldn't reach before.";https://demonicscans.org/manga/The-Immortal-Genius-Spearman
The Last Master of Jongnam Sect;;53;"""You must be the one to reign over the world!"" With those parting words, Jin Sanwol's fate was sealed. At just 23 years old, he becomes the head of the Jongnam Sect, once a proud and powerful clan, now reduced to only eight remaining disciples and barely clinging to survival. Once a sect that dreamed of dominating the martial world, it is now a shadow of its former glory. Yet Sanwol cannot afford to grieve or hesitate. To honor his master's dying wish, to keep the sect alive, and to carve a new path-- Jin Sanwol must step into the ruthless world of martial arts, where only the strongest survive. The battle for supremacy begins anew, and he must stake everything to reclaim his sect's former greatness... and conquer the martial world.";https://demonicscans.org/manga/The-Last-Master-of-Jongnam-Sect
The Loner Loser Necromancer;;30;NA;https://demonicscans.org/manga/The-Loner-Loser-Necromancer
The Mad Dog of the Duke's Estate;;73;"I lived my whole life as a slave, bound by a leash. But there was one thing that I was able to choose for myself: the place where I would die. ""...Any last words?"" My only friend asked me in a calm voice, and I quietly replied as I closed my eyes. ""Waaaah!"" ...Waaaah? To cut to the chase, I was reincarnated. And not just as anyone, but as my friend's youngest grandson. So, what am I going to do now? Well, what else can I do? I'm going to cause chaos.";https://demonicscans.org/manga/The-Mad-Dog-of-the-Duke%2527s-Estate
The Mercenary Group's Beloved Child: The Orphan on the Brink of Death is Raised by the Mightiest Masters;;32;Young Will was an orphan with no one to rely on, left to waste away in the slums.On the brink of death, he was saved by a passing mercenary, changing his fate forever. Determined to survive, Will asks to join the legendary mercenary corps-a unit known as the strongest in the kingdom. The entry test was supposed to be impossible, but against all odds, his hidden talents shine through. Recognizing his potential, the mercenaries grant him a trial membership. Under the guidance of some of the world's most powerful warriors, Will hones his combat skills, strategy, and instincts at an unparalleled rate. Before long, even the most seasoned mercenaries begin to acknowledge his exceptional growth. A boy raised by monsters of war, forging his own unstoppable legend- A high-paced, ultimate growth fantasy begins!;https://demonicscans.org/manga/The-Mercenary-Group%2527s-Beloved-Child%253A-The-Orphan-on-the-Brink-of-Death-is-Raised-by-the-Mightiest-Masters
The Monster's Undertaker;;32;"One day, a meteor falls on the once peaceful Earth, and across the globe, ""immortals"" begin to appear. These individuals experience a strange phenomenon: the moment they die, their entire bodies are ""reset"" to a specific point in time. Even wounds or scribbles made after that reset point vanish without a trace. Society plunges into chaos due to this incomprehensible scientific anomaly. 200 years later, scientists still haven't uncovered the secret of eternal life. Immortals live as fugitives or test subjects, wanted by governments. And to those who continue to live without the ability to die, a rumor begins to spread of a man known as the ""Undertaker,"" who can truly kill immortals... by demonicscans.org";https://demonicscans.org/manga/The-Monster%2527s-Undertaker
The Old Prisoner Lives in Solitude;;51;"""Solitude"" the deadliest prison in the universe, Karaismán. Its structure changes daily, and thousands die within its walls every single day. Yet, there is one infamous inmate who has survived for 64 years: Argel Lastos. Though officially ranked as nothing more than a Class-1, Argel has always emerged victorious no matter who he fights, regardless of their level. He survives through strategy, combat prowess, loyal allies, and knowledge. To maintain his aging, frail body, Argel made a contract with Karaismán's creators the very ones who designed ""Solitude."" In return, they assign him a mission: to protect a ""product"" of great value. This time, that ""product"" is a blond-haired boy... Thus begins an intense and overwhelming tale, a dark sci-fi fantasy action story starring the universe's strongest old man.";https://demonicscans.org/manga/The-Old-Prisoner-Lives-in-Solitude
The Ordinary Lawyer's Subspace;;37;A strange door appeared in front of lawyer Han Beomsang. Beyond it lies a space where time does not flow;https://demonicscans.org/manga/The-Ordinary-Lawyer%255C%2527s-Subspace
The Player of a Fallen Prestigious Family;;53;Riyun, the youngest son of the prestigious Sermin Family, faced tragedy after his father and brothers disappeared. Captured by the Phaton Family, he met a grim end through unimaginable torture. However, he awoke in Adeon, a treacherous battlefield where he became the powerful Ghost King, mastering various classes. Though defeated, he returned to his twelve-year-old self, still possessing a player's experience. Determined to stop his family's downfall and reclaim what was lost, Riyun seeks bloody revenge against the Phaton Family, the very house that brought down the Sermins and murdered him.;https://demonicscans.org/manga/The-Player-of-a-Fallen-Prestigious-Family
The Prosecutor Kim Seo jin;;45;"Read Manhwa Prosecutor Kim Seo-jin / Prosecutor Kim Seo Jin / ?? ??? Veteran prosecutor Seo Jun-gyeong made a career out of digging into the corruption of the entrenched elite. One day, he is falsely framed as a sexual assault suspect and murdered in what is staged to look like a suicide. ...He thought he was dead--until he wakes up in someone else's body: that of Kim Seo-jin, an intern prosecutor who also happens to be the nephew of his archenemy. After this second life begins, he gains a special ability: psychometry, the power to read past memories from people and objects through touch. Using this ability, he starts crushing, one by one, the corrupt figures in politics and business, along with the enemies who drove him to his death. ""In this life, I'm throwing away shallow words like justice, law, and humanity. I'll take everything--money, power, all of it."" It is a revenge-driven legal thriller about a once-idealistic prosecutor reincarnated into his enemy's family, now using supernatural powers and insider status to dismantle the rotten system from within while abandoning his former belief in pure justice.";https://demonicscans.org/manga/The-Prosecutor-Kim-Seo-jin
The Rebel of the Tyrant Noble House;;37;"Ash devoted his life to serving his adoptive father, repaying the kindness of being taken in as an orphan. But at the moment of his death, he learned a devastating truth. Everything he had built--his efforts, his trust, even the ultimate power he was meant to possess, ""The Seven Wings""--had all been stolen from him. ...Very well then. This time, I will take back what was mine.";https://demonicscans.org/manga/The-Rebel-of-the-Tyrant-Noble-House
The Regressed Extra Becomes a Genius;;52;"The story delves into the life of Kim Seon-woo, who got pulled into a famous novel and decided to live a quiet life as a side character. One day, the protagonist of said novel died... ""...Do you expect me to believe this?"" He ends up regressing back in time - back to his first day within the novel.";https://demonicscans.org/manga/The-Regressed-Extra-Becomes-a-Genius
The Regressed Sword Saint's Magic Theory;;36;In a world where humanity battles monsters, every warrior faces a critical choice between two paths: become a mage who wields supernatural miracles, or become a swordsman who masters superhuman techniques. Oscar chose the path of the sword. From childhood, he swung his blade relentlessly, eventually climbing to the pinnacle as a ?? (Sword Saint)--the highest rank a swordsman can achieve. He cut down ferocious monsters, received the admiration of the people, and walked a path that anyone would envy. Yet deep in his heart, Oscar harbored a secret longing--he had always wanted to become a mage instead.;https://demonicscans.org/manga/The-Regressed-Sword-Saint%2527s-Magic-Theory
The Regressor Makes Everything;;37;"Lee Se-Hoon, the blacksmith of humanity's last desperate united force, fought against the demons until the very end. However, the result was mutual destruction, with the world coming to an end. The moment he took his own life over that futile conclusion-- ""...What is this?"" He had regressed to his days as a candidate at the hero training institution, Babel Academy. Having obtained a second chance, he swore to use anything as material to gain victory this time. Anything at all!";https://demonicscans.org/manga/The-Regressor-Makes-Everything
The Reincarnated Demon King Dominates the Modern World;;30;"Danterio, the ""kind Demon King"" who once saved the world from an angelic invasion, fights a final battle and then loses consciousness. When he next opens his eyes, he finds himself 600 years in the future--in modern Japan--reborn in the body of a young man named Daiya Mizukami, who died from bullying and an overdose of magic-enhancing drugs. Learning of Daiya's bitter regrets, the Demon King first deals with the problem right in front of him: he crushes the bullies who drove Daiya to his death in an instant. But when he looks at the wider world, he discovers that magic has weakened, and the angels he once defeated have begun to move again. ""I am the Demon King, Danterio. I will teach you... how to kill angels."" Thus begins a modern battle-action story where the strongest Demon King rampages through contemporary Japan, combining reincarnation, school life, and brutal angel-slaying action.";https://demonicscans.org/manga/The-Reincarnated-Demon-King-Dominates-the-Modern-World
The Reincarnation of God-Level Crafting;;36;"In an alternate world where a super popular game has become reality, the profession Allen chose was the ""dud job,"" Crafter. However, when the memories of his previous life and game knowledge are combined, Crafter transforms into the strongest cheat job! Bringing modern weaponry into a fantasy world and dominating, the strongest protagonist--possessing power enough to influence the fate of the world--aims to reach the level cap at the fastest speed in history!";https://demonicscans.org/manga/The-Reincarnation-of-God%25252DLevel-Crafting
The Remarkable Revenge of a Vindictive Villainess (Official);;60;"The protagonist awakens to find herself reincarnated as Lunaria il von Solfege, her beloved villainess from her favorite game. However, along with this new identity come Lunaria's tragic memories--public condemnation, complete abandonment, and ultimately, a desperate attempt to take her own life with a dagger. ""You can leave everything to me, Lunaria. Now that I am you, I will never let them get away with this,"" she vows. The remarkable revenge of a villainess fighting for the sake of love starts here.";https://demonicscans.org/manga/The-Remarkable-Revenge-of-a-Vindictive-Villainess-%2528Official%2529
The Reset Life of a Game Addict;;54;Jinho Lee has just completed the ultimate challenge in the game Reset Life, where he had to experience all 99 possible endings to reach the final victory. After six years of intense gameplay, he feels a sense of achievement--but also an overwhelming emptiness. With nothing left to conquer in the game, Jinho finds himself at a loss, unsure of what to do next. However, this feeling of burnout becomes the catalyst for an even greater transformation. Suddenly, Jinho's life is reset in ways he never imagined--he becomes the top scorer in the nation, a model, a chef, and even a celebrity. What once seemed like distant dreams are now his new reality. But with this newfound success comes the question: is this truly the life he wanted?;https://demonicscans.org/manga/The-Reset-Life-of-a-Game-Addict
The Return of Namgung's Granddaughter;;55;"The anecdote of the small cult leader of the blood demon is that according to the will of his teacher, the blood demon, he exterminated the Nangong family. Due to the betrayal of the blood demon, he hears a shocking story before his death. ""Now you are the only male palace left in the world."" The anecdote is that he was a child he lost a long time ago in the Namgung family. He learns that he was raised for the manipulation of evil blood demons. The anecdote of returning from a grieving death to the days of being thirteen years old, or rather, the story of Namgung, realizes that the opportunity to change the future has come. He takes steps to prevent the destruction of the southern palace. Will Seol-hwa be able to prevent the family's destruction from the blood demon and succeed in revenge?";https://demonicscans.org/manga/The-Return-of-Namgung%2527s-Granddaughter
The Return of the Unrivaled Genius Ranker;;39;"A virtual reality game that swallowed the world--God of Savior. And the game that laid its foundation--Deus Ex Machina: Ragnarok, commonly known as Demrock. At its peak stood Kaiser, the undisputed ranker who held the absolute #1 spot. Once revered as a god, he vanished due to unavoidable circumstances... Now, after 1 year and 6 months, he has returned. ""Would you like to log in?""";https://demonicscans.org/manga/The-Return-of-the-Unrivaled-Genius-Ranker
The Returned C-Rank Tank Won't Die!;;66;A C-rank tank, abandoned by her teammates to die, awakens a rare regenerative ability after enduring countless deaths. Now immortal but traumatized, she must decide her next move in a world that betrayed her.;https://demonicscans.org/manga/The-Returned-C%25252DRank-Tank-Won%255C%2527t-Die%2521
The Returnee's Hidden Strategy Stream;;43;"""I came back to overcome my 55th regression."" Hanbit, the protagonist, is abducted by a goddess and thrown into the world of Erfort, where he must search for a way to save it. To find that solution, he goes through 55 full cycles of regression--meaning he also endures the pain of dying 55 times. When he finally breaks down and tells the goddess he can't take it anymore, he's sent back to his original world. Then, just for fun, he starts playing a new game... only to realize it's the very same world where he went through those 55 regressions. The deeper he digs into the game, the clearer it becomes that a dark conspiracy of the goddess is lurking behind everything. Can Hanbit expose the goddess's true, sinister intentions?";https://demonicscans.org/manga/The-Returnee%2527s-Hidden-Strategy-Stream
The Revenge of the Betrayed Strongest Knight;;51;Klein, who fell from the throne of the King of Knights, was betrayed by his comrades and sentenced to be burned at the stake. In his final moments, Klein scoffs at the foolishness of this world and his past self. Now, having returned from hell, Klein has gained unparalleled power. He will make those who betrayed him pay the price...;https://demonicscans.org/manga/The-Revenge-of-the-Betrayed-Strongest-Knight
The Rise of the Bottom Ranked spirit user;;37;"In the year 20XX, the existence of spirits became known to humanity, and those who wielded their power came to be called ""Spirit Users."" While mankind used this power to advance society, it was also not uncommon for people to use their powers for evil. Amidst this backdrop, Yui Shinonome, an overworked office worker fired from an exploitative company, obtains the power of a spirit through a strange twist of fate. With no time to grasp his new reality, Yui is dragged into the conflicts of Spirit Users and becomes a member of the Bureau of Fairy Affairs, commonly known as the BFA. Thus began his days of solving spirit-related incidents. Although Yui believed he was hired merely as a general affairs clerk, he is partnered with the BFA's number one problem child: Mio Shinohara. Despite her immense skill, her reckless, order-defying attitude has caused all of her previous partners to quit, unable to endure working with her. While the two repeatedly clash, they gradually begin to form a deep bond. Soon, Yui learns of Mio's tragic past--her parents were murdered by someone who misused spirit powers, leaving her with a strong desire for revenge. Furthermore, it is revealed that the spirit lending Yui its power is no ordinary spirit, but the former Spirit King who was once betrayed and lost his life. Yui makes a firm vow: to race up the ladder of success and win the heart of his beloved.";https://demonicscans.org/manga/The-Rise-of-the-Bottom-Ranked-spirit-user
The Saint Who Levels Up as a Necromancer;;36;"They called him the ""Creepy Necromancer""... Feared. Hated. Completely alone. Yet Ryuga Chinen rose to the peak--reaching the legendary 9-Star rank without any god's blessing. That was his mistake. The gods feared him. So they betrayed him. Framed by the very beings who ruled the world... he was executed. But death wasn't the end. Guided by a mysterious holy relic, Ryuga regresses--returning to the past with all his memories intact. This time, everything will be different. Now, he wields not only his past knowledge... but also a Constellation's power. And his goal? To crush the arrogant gods who once killed him. As the only existence with both forbidden knowledge and divine protection... his rise begins again--faster, deadlier, unstoppable.";https://demonicscans.org/manga/The-Saint-Who-Levels-Up-as-a-Necromancer
The Savior Zero: Saving the World with a Unique Skill from Zero Magic;;34;"In a world where magic is commonplace, Ikuta Kouki was scorned due to his peculiar constitution: Zero Magic Power . Amidst this, a Great Sorcerer predicted the arrival of the ""End of the World"" and the existence of seven Saviors to rescue humanity. These ""Saviors"" became worshipped, gained authority, and began to rule over the people. However, five years later, when the End of the World actually arrived, the promised Saviors proved to be completely powerless . In a moment of despair, Kouki's dying older sister sees a glimpse of latent power within him. She uses her last ounce of strength to cast the forbidden spell, ""Regression."" After telling him, ""I want you to save the world,"" Kouki awakens to find himself back in the world of five years ago, where people still believe in the ""False Saviors."" Now, Kouki rises up, using his newly awakened skill, ""Creation,"" to become the true Savior, rescue the people who have been misled, and save the world from its predetermined doom.";https://demonicscans.org/manga/The-Savior-Zero%253A-Saving-the-World-with-a-Unique-Skill-from-Zero-Magic
The Secret Martial Artist of Demonic Blood;;31;"A martial arts researcher who lived an unfortunate life plagued by illness finally meets his end. At the moment of death, a mysterious power transports him to ""Gaia""--a world where magic and martial arts coexist. He is reborn as Louis, an abandoned child bearing black hair and black eyes, traits considered symbols of misfortune and ill omen in this new world. Despite this stigma, he is determined to fulfill the dreams he could never achieve in his previous life.";https://demonicscans.org/manga/The-Secret-Martial-Artist-of-Demonic-Blood
The Shepherd Wizard;;34;There stood a seemingly ordinary shepherd named Turan from Hisaril Hill. Having lived while hiding his talent as a great archwizard, he finally steps out into the world.;https://demonicscans.org/manga/The-Shepherd-Wizard
The Silent Transfer Student;;71;The transfer student who never speaks brings the class bully to submission one day with an overwhelming difference in skill. Because of this fight, he draws the attention of bullies from every school. Meanwhile, another female student silently watches him.;https://demonicscans.org/manga/The-Silent-Transfer-Student
The Smiling Boxer;;36;Gang Chan, a young man from a rural village, dreams of becoming a boxing champion. To repay the elders who raised him, he trains relentlessly every single day. But one day, a group of men in black storm into the village, intent on pushing a shady redevelopment project. Gang Chan stands up to protect the villagers, but the odds are overwhelming. As he breaks down in tears, blaming himself for failing them, someone appears... someone who will change his fate forever.;https://demonicscans.org/manga/The-Smiling-Boxer
The Sorcerer Manual;;41;"In 1668, our city earned the title of ""The Safest Place in the Country."" I had a lot to do with that. How? Because I was arrested. TL Extra: This is adapted from a well-rated Chinese webnovel called ""Sorcerer's Handbook"". According to reviews, it stands out among other System/Transmigration novels and has even been compared to Lord of the Mysteries for its similarities. It's also said to have strong worldbuilding and character development, assuming the adaptation does it justice.";https://demonicscans.org/manga/The-Sorcerer-Manual
The Steel Emperor;;50;"Heroes of Gauri, Conquer Another World! The most glorious name in this land, Gauri.The one who protected that name. People call him the Steel Emperor!The last Great General of the fallen Gauri (Goguryeo), ""Go Jincheon."" At the moment of their fall, he and his elite unit, the 'Black-Armored Demon Cavalry', fall into another world.A strange land where various races such as Elves, Orcs, Dwarves, and Wizards live.If they cannot return There is no choice but to establish a new Gauri. Go Jincheon raises his banner once more for the conquest of the continent.";https://demonicscans.org/manga/The-Steel-Emperor
The Strongest Crystal Beast Master;;31;"Young Chen Xing formed a bond with Lily, the ""Fated Queen"" of the Crystal Beast Realm, becoming the first awakener to contract with a humanoid crystal beast. He gained a special ability to turn crystal beasts into beautiful girls and set out on a journey of battle and power to become the ""Strongest Crystal Beast Master."" Jealous? I've got countless humanoid crystal beast girls like her!";https://demonicscans.org/manga/The-Strongest-Crystal-Beast-Master
The Strongest Hero with Negative Destructive Power;;35;"Decades have passed since the world became flooded with monsters. The protagonist, who enrolled in an academy to train those with aptitude, consistently ranked last in ability tests. It would have been one thing if his abilities were merely low, but because he also inflicted a debuff (ability reduction) on his surrounding comrades, he was called ""unwanted"" and a ""burden."" One day, while exploring, the protagonist is swallowed by a different dimension and goes missing. There, he encounters a creature from another world and is told the true value of his ability. Originally, magical power is something used to attack by projecting one's own power outwards. However, the protagonist's characteristic is the complete opposite of this ""output""; it is ""input"" (absorption), and the ability to suck in external power is his true strength... ""Reverse Magic Circuit."" The reason he had been debuffing his allies until now was that he had been unknowingly absorbing their power. Having learned the true worth of his power, the protagonist now absorbs monster attacks to nullify them and gathers external power to strengthen himself, mastering his abilities and proceeding on the path to becoming the strongest.";https://demonicscans.org/manga/The-Strongest-Hero-with-Negative-Destructive-Power
The Strongest Level 0 Absolute Supremacy Through Analysis Skills;;55;"Mysterious ""Disaster Beasts"" suddenly appear on Earth and plunge humanity into an unprecedented crisis. Tenma Itsuki, whose parents were killed by these monsters, is chosen as an ""Awakened,"" a human granted special abilities. The job he awakens to is a supposedly impossible rare job that overturns common sense: although his level is stuck at ""Level 0,"" he possesses a cheat-like power that can analyze enemy skills and endlessly boost his own stats. Driven by vengeance, Tenma sets his sights on becoming the strongest human alive, and a max-hype superpower battle story begins as he uses his analysis skill to achieve absolute domination.";https://demonicscans.org/manga/The-Strongest-Level-0-Absolute-Supremacy-Through-Analysis-Skills
The Strongest Monster Killer Dad in History;;32;Mitsuru Akai just moved from the countryside to the city with her father, Fuma--a man who once made a name for himself as a legendary Monster Killer. On her very first day at the new school, she's targeted by the local bully and dragged to a warehouse to be taught a lesson. But the bullying turns into a bloodbath when a swarm of monsters suddenly appears. Even stranger? It seems Mitsuru is the only one who can see them. Before she can make sense of it, she's abducted by two shady men posing as police officers. Now, a father's rage has been ignited. Fuma vows to get his daughter back at any cost, and the world's strongest father is about to show the city's worst monsters exactly why they should be afraid.;https://demonicscans.org/manga/The-Strongest-Monster-Killer-Dad-in-History
The Support Ate it All;;47;"The ""S-rank Hero Factory"" that raised 1,000 S-rank heroes. The graduates' manufacturing machine. The strongest support. These are all words that refer to me. But could this actually be the world of that game?";https://demonicscans.org/manga/The-Support-Ate-it-All
The Sword Emperor Who Surpasses His Previous Life;;37;"The House of Cardenas, the legendary sword that shields the Arcadia Empire, is feared as a powerhouse of absolute martial might. It is whispered that their direct descendants carry the blood of dragons, manifesting in supernatural powers known as ""Unique Traits."" Leonard Cardenas, a humble trainee in the family's academy, suddenly awakens the memories of his past life as Yeon Muhyuk, the man once hailed as the world's greatest Sword Emperor. Armed with the wisdom of a legend, Leonard begins his climb to the top, challenging the elite high-bloods and uncovering the dark secrets of the dragon's lineage. The journey to become the ultimate Sword Emperor begins now!";https://demonicscans.org/manga/The-Sword-Emperor-Who-Surpasses-His-Previous-Life
The Sword God From the Destroyed World;;51;"The world was destroyed. A land consumed by death and despair. And in the midst of it all, one man fought to the bitter end--the Sword God, Karselian Le Vandayan. But then, as if guided by fate, a door to another world opened. This time... it was Earth--a world that hadn't yet collapsed. There, monsters have begun to quietly emerge, while humanity lives on, blissfully unaware of the impending catastrophe. This world hasn't ended... But the moment they let their guard down, the nightmare will begin anew. To stop it, the Sword God raises his blade once more. He begins a new life, borrowing the body of a once-weak human. And in exchange for taking over that body, he makes a single promise: ""I'll protect your family."" And now, the real battle begins.";https://demonicscans.org/manga/The-Sword-God-From-the-Destroyed-World
The Swordmaster Who Leapt Through Time;;40;Due to the invasion of the empire, the kingdom is on the verge of collapse. The last prince of the kingdom, Lancel, leaves for a foreign land together with the children of the nobles. Struggling to survive, he puts in every effort, and at a young age, he becomes a swordma...;https://demonicscans.org/manga/The-Swordmaster-Who-Leapt-Through-Time
The Tale Of The Skeleton Messenger;;42;120 years after the Emperor's death, Benrira awakens. Once a member of the hero's party and Messenger of the Emperor. After losing his beloved disciple to his own corrupt motherland, he vows to deliver the Emperor's final message. [I am the Emperor's Messenger. Hear the will of the First Emperor.];https://demonicscans.org/manga/The-Tale-Of-The-Skeleton-Messenger
The Tang Clan Chronicles;;45;Tang Mujin, a young physician hailing from the Tang Family Clinic of Sichuan, had a strange dream... ...one where he became the legendary blacksmith Ou Yezi and ascended to the heavens.;https://demonicscans.org/manga/The-Tang-Clan-Chronicles
The Third Prince of the Fallen Kingdom has Regressed;;76;"From the stuido that brought you Moon-Shadow Sword Emperor and The Legendary Hero is an Academy Honors Student.] Yuri, the unruly third prince of the fallen Briol Kingdom. After meeting his end while wandering in guilt, he ended up regressing to the spring of his 13th year, before the Empire's invasion began! ""Briols do not abandon honor, even in death."" One harrowing regret is enough. The kingdom shall be saved from ruin!";https://demonicscans.org/manga/The-Third-Prince-of-the-Fallen-Kingdom-has-Regressed
The Thousand Faces Actor;;68;"""What do you think people will end up calling him?"" Someone asked. But no one had an answer. A transcendent being has appeared in the world. And a new chapter in film history begins.";https://demonicscans.org/manga/The-Thousand-Faces-Actor
The Top Healer of the Offensive Magic Academy;;42;"Will was once the world's greatest healer, but he could not use offensive magic and always had to rely on his comrades in battle. Even though he healed their wounds, their spirits eventually broke, humanity lost its way to fight, and the human side was defeated by the Demon King's army. Just as Will is prepared to die, he regresses to just before the entrance ceremony of a magic academy. ""This time, I'll fight with my own hands."" With that vow, he chooses not the healing academy he once attended, but the prestigious offensive-magic school, Schwarz Academy. Although he still cannot use normal attack magic, he discovers a way to convert healing magic into offensive techniques and gradually distinguishes himself as a prodigy. Thus begins a healer's overpowered comeback story, starting from regression and turning the tables at an offensive magic academy.";https://demonicscans.org/manga/The-Top-Healer-of-the-Offensive-Magic-Academy
The Trainer Lives Surrounded by Monsters: Abandoned by the Hero Party, He Became the Strongest after Meeting with a Legendary Monster;;40;Ryu was left behind by his childhood friend's heroic party, who told him that they could not take a trainer with them. He runs a ranch in the village, but spends his days feeling unworthy. One day, he saves a wolf from a trap in the forest... The wolf he rescued was actually Fenrir, a legendary demon! The elder of the pack has lost his magical powers and was looking for someone to help him. No ordinary trainer can heal him, but Ryu has magical powers that exceed even those of the hero's childhood friend...? After successfully saving the elder, Ryu learns how to handle the enormous amount of magical power that could destroy him. He is adored by Fenrir's flock and becomes an extraordinary trainer!;https://demonicscans.org/manga/The-Trainer-Lives-Surrounded-by-Monsters%253A-Abandoned-by-the-Hero-Party%252C-He-Became-the-Strongest-after-Meeting-with-a-Legendary-Monster
The Turn-Bound Mage;;53;"""You criminal bastard... Can't you get your head straight?!"" All I did was start the final difficulty level of the game ""Abyss of the Labyrinth"", and I ended up becoming a character in the game -- an ""Otherworld Possessor."" But worse, the character I became is a criminal turned slave?! However, every time I face a crisis, a magical ability called ""Turn-Bound Hourglass"" activates, freezing time for 60 seconds... I don't know if it was the developer or some god that threw me into this mess, But as a turn-Bounded mage, I will survive -- no matter what.";https://demonicscans.org/manga/The-Turn%25252DBound-Mage
The Ultimate Tank;;50;Shoya Ohno, a tank affiliated with the Japan Hunter Administration Bureau, is a man shrouded in mystery. He was drawn to the straightforward personality of Eda, the director of the Bureau, and despite receiving an extraordinary offer from the United States, he turned it down to continue operating in Japan for his own personal reasons. In truth, Shoya is a survivor who, ten years ago, was abducted to the otherworldly continent of Azelan. Despite enduring unimaginable suffering, he managed to return to Earth alive. To protect the Earth and to rescue his friends who were abducted just like he was-- Shoya continues to fight. And once that goal is fulfilled... He will rise to confront the continent of Azelan, which seeks to annihilate humanity on Earth through its gate invasions. Thus, Shoya sets his plan into motion.;https://demonicscans.org/manga/The-Ultimate-Tank
The Vampire's Alchemy;;52;A strange encounter between a vampire and an alchemist. One seeks to rebuild a fallen noble house. The other is desperate to save a lost sibling. Together, they embark on a slightly uncomfortable (and undeniably bizarre) journey of blood, magic, and uneasy partnership. What could possibly go wrong when fangs meet formulas?;https://demonicscans.org/manga/The-Vampire%2527s-Alchemy
The Veteran Swordmaster's Stream;;33;NA;https://demonicscans.org/manga/The-Veteran-Swordmaster%2527s-Stream
The Villain's Profiler;;64;"Through psychological analysis and profiling, he gets rid of evil humans. Lee Sinhyeok lost his mother to a murderer and had an accident. After stacking up knowledge in a mysterious space where he could learn and study for 15 years, he wakes up from a coma. This is the story of a genius who uses his 15 years of knowlege and skills to unravel the injustices of the dead, and of those who are a dangerous threat to people in becoming a profiler; the pinnacle of a profliler.";https://demonicscans.org/manga/The-Villain%255C%2527s-Profiler
The Weakest Slime I Once Saved Became the Strongest and Now Won't Leave My Side;;43;"""I never want to lose someone important to me again."" One day, I, a nerdy and bullied boy, was provoked by my classmates to go to an SS-ranked dungeon. Facing an SS-class black dragon that I couldn't do anything about, my chances of survival were zero... At that moment, someone appeared before my eyes... This is the story of the bond between the strongest slime and the weakest me, as we grow together.";https://demonicscans.org/manga/The-Weakest-Slime-I-Once-Saved-Became-the-Strongest-and-Now-Won%255C%2527t-Leave-My-Side
The World-Class Extra's Walkthrough;;60;"[God Dog]: I'm looking for someone to attempt life for a second time. At the joke-like chatting, I ended up responding with a joke. [JjamBbong Taste Clementine]: Second time, let's go go go go. [God Dog]: Are you confident? It's not going to be easy, you know? [JjamBbong Taste Clementine]: Don't I just have to do the same thing over again in this shitty game? Hehehehe. But the result of this... ""The third prince of the Magic Kingdom, Guillaume!"" ""......Who?"" I became the third prince inside of that game. An eerily shining cold steel blade touched my neck. This, though unbelievable, had become my reality. ""Now, third prince. Any last words?"" ""......What is this b*tchy situation?"" ""Haha, b*tchy? Those definitely sound like the words of a wastrel. Goodbye. Third Prince."" The miserable end of an extra NPC. Just as the blade was about to fall on my neck...! [Gameplay has started.] [Player 'Kim Kyung Sam' will lay as the 'Wastrel Third Prince'!] The game I grinded my life into had become my reality. But... 'I will not die.' 'And I will not be defeated.' Because I know this game from the beginning to the end.";https://demonicscans.org/manga/The-World%25252DClass-Extra%2527s-Walkthrough
The Youngest Son of the Eunhae Merchant Group;;73;"The youngest son of the Eunhae Merchant Group, Eun Seoho, was born with a talent for business. ""How could the Murim Alliance do this to me...?"" ""The higher-ups of the Alliance find you a nuisance. Tch, all this just for money."" He was murdered by the Murim Alliance and regressed back to the days when he was learning the workings of the Eunhae Merchant Group. Seoho is determined to live this second life without regrets. ""I'll take you all down with the very thing you scoffed at--money."" Thus begins the journey of the great business emperor, Eun Seoho, whose genius brain and martial talent will go down in history!";https://demonicscans.org/manga/The-Youngest-Son-of-the-Eunhae-Merchant-Group
The Zombie Won't Bite Me;;50;"When Yihwan woke up, the world had changed. Zombies roamed the streets, thirsting for human blood, while the living fought desperately to survive. But... ""Why aren't the zombies biting me?"" With an unnatural strength surging through his body, one eye glowing red like the undead, and a strange hunger rising at the sight of blood... ""What... happened to me?";https://demonicscans.org/manga/The-Zombie-Won%2527t-Bite-Me
To Hell with Being Heir, I'm going to Heal;;30;"After defeating the evil that threatened the world, peace was finally restored to the world of . I have possessed a game that was failing, with nothing but an oxygen mask to keep it alive! ""I Don't Care About Being the Heir, I Just Want to Heal"" Lion Asteri, the eldest grandson of a magic noble family that even the emperor looks down upon. One day, when he went out despite his frail body...... Pop! [You have acquired Aqua Rosemary!] 'Gathering herbs just by pulling them out? This place is heaven!' A world where fair compensation follows your efforts! With a background that leaves nothing to be desired, they want me to live as the heir of the family? ""My younger brother should be the family head. Absolutely!"" Heartwarming brotherhood and familial love! Armed with limitless vitality, Lion's sweet healing life begins! **Original Novel:** [KakaoPage](https://page.kakao.com/content/65909500)";https://demonicscans.org/manga/To-Hell-with-Being-Heir%252C-I%255C%2527m-going-to-Heal
To Hell With the Status Window;;36;"The strongest man of the Murim, ""Asura,"" got transported to another world. Having reached the pinnacle through his martial capabilities alone, he smashes the status window and the tower with his own hands--rejecting participation as a player outright.";https://demonicscans.org/manga/To-Hell-With-the-Status-Window
Trapped in a Crazy World as an Extra;;73;"""To think I'd be thrown into this trash heap of a world!"" The Chronicles of the Seven-Colored World -- a series that ran for over 800 episodes and earned its fair share of curses from readers. A batshit crazy world full of absurd plot twists, endlessly evolving monsters, and heroines who try to kill the protagonist at every turn. ""And I got reincarnated into this mess?"" I've ended up as a nobody named Rudian -- a total background character. But with a freaky eyeball monster I happened to pick up, Adi, and a demonic sword called Diablo by my side,";https://demonicscans.org/manga/Trapped-in-a-Crazy-World-as-an-Extra
Trillions of Resources in Apocalypse;;45;Constantly slapping faces is constantly satisfying. Holding trillions in resources, slapping the faces of terrible women, conquering goddesses, Chen Yu is bound to the Scumbag System, sweeping away all powerful enemies in the apocalypse, and subduing countless otaku goddesses!;https://demonicscans.org/manga/Trillions-of-Resources-in-Apocalypse
Tyrant of the Otherworld Prison: My Shadow Can Evolve Infinitely;;112;"In the year 2035, rifts to alien realms tore through the world's defenses. Swarms of insectoids and beastkin ravaged the land, and humanity struggled to survive through the strength of ""Evolvers."" Li Yi was betrayed by his teammates during an attack by alien beings and left for dead. On the brink of death, he awakened the ""Titan Shadow"" System--his shadow could evolve without limits! It could devour ores to enhance defense, tear through enemies to form deadly blades, and even split into an army of shadow soldiers... From insect hives to haunted lands, wherever his shadow passed, enemies were shredded into pulp. This is the revenge of the weak--begun with a shadow that devours all.";https://demonicscans.org/manga/Tyrant-of-the-Otherworld-Prison%253A-My-Shadow-Can-Evolve-Infinitely
Ultimate Trump Card;;49;"""Snow weighs heavy on the branches, yet they do not cling to the mud. When the red sun rises, they once again touch the sky."" Poker monsters have secretly invaded reality, bringing both catastrophe and a mysterious gift -- Mirror Poker, a supernatural game that grants its users longevity and special abilities. Chen Qi, whose life was once happy, is suddenly diagnosed with a terminal illness and given only one year to live. As he struggles in the depths of despair, he unexpectedly obtains a Mirror Poker card. In order to extend his life, Chen Qi dives deeper into the secrets behind Mirror Poker...";https://demonicscans.org/manga/Ultimate-Trump-Card
Unemployed Gye Baeksun;;236;With no savings, average qualifications, and a bank balance consistently below 10,000 won, can the Backbone Breaker Gye Baeksun really escape unemployment?;https://demonicscans.org/manga/Unemployed-Gye-Baeksun
Unrivaled Spear Demon;;53;Shuji, a soldier who danced with death many times while on the battlefield, was possessed by the grudges and resentment of those he had killed. He too was eventually killed, but somehow he awoke in a younger version of himself. He returned to a time when he was still an errand boy, inexperienced with war, but retained his memories. Remembering Kyo Aiyo, his comrade and savior, Shuji travelled to the 'Tiger Pit' Sect. However, instead of the strong and reliable woman, he was met with a cheerful and petite girl. He recalled the tragic past that had caused her to devote herself to the army, where in his previous life her family had fallen apart due to false rumors. 'This time, I will protect you.' He vowed to repay the kindness he received in his previous life by changing her fate. With a spear in his right hand, Shuji steps into the battlefield once again, becoming the Unrivaled Spear Demon.;https://demonicscans.org/manga/Unrivaled-Spear-Demon
Urban Dragon Revealed;;100;Wang Han, who stirred up international turmoil, lived in seclusion in the city and started delivering takeouts. After a drunken binge, he got the daughter of the Su family pregnant, and his peaceful life was disrupted again. When the torrent was surging, the hidden dragon was born, shaking the world!;https://demonicscans.org/manga/Urban-Dragon-Revealed
Veteran of the Apocalypse;;61;"He was just an ordinary man running a small restaurant. But behind that quiet life hid his true identity... A legendary hardcore veteran who spent thousands of hours mastering a zombie-survival VR game. Then one day, the world changed. The virtual battleground he had died and revived in countless times suddenly became reality. A sudden zombie apocalypse erupts. At the same moment, he awakens a mysterious ability to open dimensional gates-- allowing him to travel freely between Earth and another world to prepare for the coming end. Soon, familiar figures from his gaming past begin to ""log in"" to reality: the infinitely respawning Rabbit Princess, the monster-controlling DuckButt-QuackQuack, and other absurdly overpowered comrades from the old days. Civilization collapses. The line between humanity and survival instinct grows faint. But he stands firm. ""This isn't a game. But for me... it's a battlefield I know better than anyone."" As the strongest former players gather at the end of the world, one final choice awaits them all--";https://demonicscans.org/manga/Veteran-of-the-Apocalypse
Vicious Dog;;46;"In Country H, the Juvenile Law was revised to set the maximum penalty at life imprisonment. In exchange, underage offenders are sent to a rehabilitation facility known as the ""Juvenile Reformatory."" However, this purely nominal punishment has backfired, leading to a surge in juvenile crime and bullying. Gen Amamori, a high school student living in Country H, suffers through brutal bullying every single day. One day, his beloved dog is mauled to death by a dog belonging to his bully, Kanemoto. Pushed past his breaking point, Gen snaps and inflicts a severe injury on Kanemoto, resulting in his incarceration at the Reformatory. Even within the facility, Gen finds himself at the absolute bottom of the hierarchy, subjected to constant violence. However, a chance encounter leads him to become the protégé of Seiya Kojo, the strongest man in the Reformatory. In a hellish environment where violence is the only law, can Gen survive? This is the story of a man crawling his way up from the very bottom.";https://demonicscans.org/manga/Vicious-Dog
Voodoo Slam;;36;On the night of a brutal slave hunt, a young girl named Faya loses her mother to the horrors of violence and betrayal. Left with nothing but her grief and rage, she embraces the forbidden path of voodoo sorcery. From blood-soaked rituals to bone-chilling spells, Faya transforms into a terrifying Voodoo Priestess, wielding dark powers to bring her enemies to their knees. Every chant, every curse, and every slam of her ritual staff drives her closer to vengeance. But with each victory, the boundary between justice and monstrosity begins to blur. Is Faya still human... or has she become something far darker than those she seeks to destroy? A haunting tale of revenge, magic, and survival begins--welcome to the world of Voodoo Slam.;https://demonicscans.org/manga/Voodoo-Slam
Warrior of the Sword Heart;;54;People call those who can draw the Sword of the Heart, 'Heroes'. Ellen sets off on a journey to become a Hero, but he soon learns the champions he dreamed of being are nothing more than brutal weapons of war. Will Ellen manage to overcome this reality and become a true Hero?;https://demonicscans.org/manga/Warrior-of-the-Sword-Heart
Water Magician;;49;This is the story of Ryo, who was reincarnated in the world of swords and magic.It is a story of the royal road to survive using the magic of water attribute.What is magic? What is swordsmanship?How does it relate to the laws of physics that we know?Or what is politics? What is a nation?Why are there many ?kingdoms? in reincarnation stories? Will republics not work?Can it be written ...?Since it is a water-based magician, so it shall start with ?Hydrogen bond?!;https://demonicscans.org/manga/Water-Magician
When a Genius Office Worker Goes Too Far;;54;"A genius marketer from Korea's top film company, the only employee ever to fail peer evaluations, and the company's public enemy number one for being caught up in a bribery scandal. These labels sum up Han-rok's life as a corporate employee. All he ever wanted was to focus on his work. But his refusal to play politics or suck up to anyone--his decision to avoid aligning with any ""faction""-- Came back to bite him in the form of betrayal and false accusations. Just when he hit rock bottom, He found himself back on that day, five years ago, when everything began to unravel. Determined never to be a victim again, Han-rok starts to cross the line. And for the first time, He begins to see the threads of the real problem that had always been hidden.";https://demonicscans.org/manga/When-a-Genius-Office-Worker-Goes-Too-Far
Wild Ranker;;55;"Everything in this world is ranked. In the quiet village of Tori lives a boy named Lowe. One day, his peaceful life is shattered when the village is destroyed by a mysterious force known only as the Island of the gods. Why was the village targeted? What secrets lie behind its destruction? Determined to uncover the truth, Lowe vows to set foot on the Island of the gods himself. But there's a catch--only adventurers ranked in the top 10 are allowed to enter the island. To achieve this, Low begins intensive training under Adol, the number one ranked knight. Thus begins his journey to climb the ranks, uncover the mystery, and face the gods themselves. ""I'll become the number one ranker--no matter what it takes. And I will uncover the truth!""";https://demonicscans.org/manga/Wild-Ranker
Worker Rebrith: Master of Martial Arts;;45;"Introduction: Huo Guo, a miserable worker, died suddenly while working overtime, but was reborn in a different world that advocates force, and awakened the ""Martial Arts Master Training System"". He didn't expect that the other world was also a black-hearted devil's den that exploited workers. The gentle and sultry girl with glasses, the domineering female boss, and the seductive secretary are all my colleagues! This time, not only do I have to lead the girls to play in the workplace, but I also have to dominate the other world with force and reach the peak of my life!";https://demonicscans.org/manga/Worker-Rebrith%253A-Master-of-Martial-Arts
World's Strongest Survivor;;39;"""It isn't the strongest who survives. The one who survives is the strongest."" After being discharged from the military, Jin Seowoon did nothing but play games like a loser. One day, he was invited to the world of ""Cloyd Survival,"" which resembled a game he enjoyed. In that world were masters of martial arts, kings from other worlds, and notorious killers... It was a gathering of monsters that surpassed human imagination. Jin Seowoon had just one objective--to survive and become one of the top ten. Here lies a tale of survival with Jin Seowoon's life at stake.";https://demonicscans.org/manga/World%2527s-Strongest-Survivor
World-Saving is a Skill;;41;I saved another world... only to find Earth in an even bigger mess. However, there's no need to worry. A guy who saved the world once can do it again.;https://demonicscans.org/manga/World%25252DSaving-is-a-Skill
Yongsa Kariel;;51;The Demon King is dead, leaving only warriors in the world. Someone must fill that void;https://demonicscans.org/manga/Yongsa-Kariel
Zombie Herd;;48;I'm Koo Seonghwan, former Jiu-Jitsu world champion. When I opened my eyes, the world had already fallen into ruin. Even if my body is infected... I must find my daughter...!;https://demonicscans.org/manga/Zombie-Herd
